image,ms
D:\SeaBreeze Inspector\SeaBreeze Inspector\offshore-wind-uav-arm\datasets\derived\fps_subset\DJI_0234_0_0.jpg,243.7
D:\SeaBreeze Inspector\SeaBreeze Inspector\offshore-wind-uav-arm\datasets\derived\fps_subset\DJI_0234_0_1.jpg,234.1
D:\SeaBreeze Inspector\SeaBreeze Inspector\offshore-wind-uav-arm\datasets\derived\fps_subset\DJI_0234_0_2.jpg,230.5
D:\SeaBreeze Inspector\SeaBreeze Inspector\offshore-wind-uav-arm\datasets\derived\fps_subset\DJI_0234_0_3.jpg,238.9
D:\SeaBreeze Inspector\SeaBreeze Inspector\offshore-wind-uav-arm\datasets\derived\fps_subset\DJI_0234_0_4.jpg,238.4
D:\SeaBreeze Inspector\SeaBreeze Inspector\offshore-wind-uav-arm\datasets\derived\fps_subset\DJI_0234_1_0.jpg,242.0
D:\SeaBreeze Inspector\SeaBreeze Inspector\offshore-wind-uav-arm\datasets\derived\fps_subset\DJI_0234_1_1.jpg,228.3
D:\SeaBreeze Inspector\SeaBreeze Inspector\offshore-wind-uav-arm\datasets\derived\fps_subset\DJI_0234_1_2.jpg,208.9
D:\SeaBreeze Inspector\SeaBreeze Inspector\offshore-wind-uav-arm\datasets\derived\fps_subset\DJI_0234_1_3.jpg,212.5
D:\SeaBreeze Inspector\SeaBreeze Inspector\offshore-wind-uav-arm\datasets\derived\fps_subset\DJI_0234_1_4.jpg,224.9
D:\SeaBreeze Inspector\SeaBreeze Inspector\offshore-wind-uav-arm\datasets\derived\fps_subset\DJI_0235_0_0.jpg,219.9
D:\SeaBreeze Inspector\SeaBreeze Inspector\offshore-wind-uav-arm\datasets\derived\fps_subset\DJI_0235_0_1.jpg,216.2
D:\SeaBreeze Inspector\SeaBreeze Inspector\offshore-wind-uav-arm\datasets\derived\fps_subset\DJI_0235_0_2.jpg,213.2
D:\SeaBreeze Inspector\SeaBreeze Inspector\offshore-wind-uav-arm\datasets\derived\fps_subset\DJI_0235_0_3.jpg,216.3
D:\SeaBreeze Inspector\SeaBreeze Inspector\offshore-wind-uav-arm\datasets\derived\fps_subset\DJI_0235_0_4.jpg,214.9
D:\SeaBreeze Inspector\SeaBreeze Inspector\offshore-wind-uav-arm\datasets\derived\fps_subset\DJI_0235_1_0.jpg,253.5
D:\SeaBreeze Inspector\SeaBreeze Inspector\offshore-wind-uav-arm\datasets\derived\fps_subset\DJI_0235_1_1.jpg,258.5
D:\SeaBreeze Inspector\SeaBreeze Inspector\offshore-wind-uav-arm\datasets\derived\fps_subset\DJI_0235_1_2.jpg,306.6
D:\SeaBreeze Inspector\SeaBreeze Inspector\offshore-wind-uav-arm\datasets\derived\fps_subset\DJI_0235_1_3.jpg,289.5
D:\SeaBreeze Inspector\SeaBreeze Inspector\offshore-wind-uav-arm\datasets\derived\fps_subset\DJI_0235_1_4.jpg,243.5
D:\SeaBreeze Inspector\SeaBreeze Inspector\offshore-wind-uav-arm\datasets\derived\fps_subset\DJI_0236_0_0.jpg,230.3
D:\SeaBreeze Inspector\SeaBreeze Inspector\offshore-wind-uav-arm\datasets\derived\fps_subset\DJI_0236_0_1.jpg,239.2
D:\SeaBreeze Inspector\SeaBreeze Inspector\offshore-wind-uav-arm\datasets\derived\fps_subset\DJI_0236_0_2.jpg,221.1
D:\SeaBreeze Inspector\SeaBreeze Inspector\offshore-wind-uav-arm\datasets\derived\fps_subset\DJI_0236_0_3.jpg,232.4
D:\SeaBreeze Inspector\SeaBreeze Inspector\offshore-wind-uav-arm\datasets\derived\fps_subset\DJI_0236_0_4.jpg,225.6
D:\SeaBreeze Inspector\SeaBreeze Inspector\offshore-wind-uav-arm\datasets\derived\fps_subset\DJI_0236_1_0.jpg,222.3
D:\SeaBreeze Inspector\SeaBreeze Inspector\offshore-wind-uav-arm\datasets\derived\fps_subset\DJI_0236_1_1.jpg,243.9
D:\SeaBreeze Inspector\SeaBreeze Inspector\offshore-wind-uav-arm\datasets\derived\fps_subset\DJI_0236_1_2.jpg,212.0
D:\SeaBreeze Inspector\SeaBreeze Inspector\offshore-wind-uav-arm\datasets\derived\fps_subset\DJI_0236_1_3.jpg,224.0
D:\SeaBreeze Inspector\SeaBreeze Inspector\offshore-wind-uav-arm\datasets\derived\fps_subset\DJI_0236_1_4.jpg,225.5
