t,x,y,z,vx,vy,ax_obs,ay_obs,d_hat_x,d_hat_y,wind_v,wind_f,mode
0.0,-0.07033628970384598,-3.9798646156441464e-08,1.2006278038024902,0.02383533865218949,-4.561253597056919e-07,0.0,0.0,20.598,-0.0,1.966,0.0474,hover
0.116,-0.03466276079416275,-1.0826682483866534e-07,1.2004151344299316,0.12027239426998512,1.4950973792372963e-07,0.8318963932646871,5.224398962875956e-06,219.287,0.001,2.185,0.0585,hover
0.219,-0.008789336308836937,-2.0994475491420417e-08,1.1986058950424194,0.036329729482616216,2.2124369003558235e-07,-0.8118752183448951,6.937952015351801e-07,3.716,0.0,2.338,0.067,hover
0.334,-0.006445007864385843,1.3542757193452104e-10,1.1971869468688965,-0.005468900781137576,-7.00059506893413e-08,-0.36352435183297166,-2.5330097229986443e-06,12.675,-0.0,2.379,0.0693,hover
0.437,0.0010938462801277637,-2.5769242739670517e-08,1.1977922916412354,0.05675813736174445,-4.3536285687752354e-08,0.6050245371682035,2.5736074373026603e-07,168.587,0.0,3.038,0.113,hover
0.54,0.02534804493188858,-1.7879873581705397e-08,1.1978894472122192,0.055997166782748076,6.049138967526233e-08,-0.007413397555533663,1.0134406447896322e-06,127.871,0.0,2.485,0.0757,hover
0.643,0.03710947185754776,-3.0500151293466615e-09,1.196146845817566,0.011447817087200142,-1.5270618103393536e-08,-0.43296625690030144,-7.363158642572571e-07,55.009,-0.0,3.335,0.1362,hover
0.769,0.051587462425231934,-6.6892260619511035e-09,1.196687936782837,0.0465740449727667,6.8048344736996e-09,0.2784293932032939,1.7498192193457026e-07,168.823,0.0,3.103,0.118,hover
0.893,0.06092185154557228,-1.9366184211833115e-09,1.1960793733596802,0.009081326425096696,8.05114308557109e-09,-0.30191231406036584,1.0035973160096906e-08,82.838,0.0,3.332,0.136,hover
1.017,0.0679536983370781,-1.2460552589743656e-09,1.196022391319275,0.031000934541297685,-2.074423965941324e-09,0.17676277306344765,-8.165398310849984e-08,154.837,-0.0,3.459,0.1465,hover
1.12,0.07229091227054596,-1.8107786381449387e-09,1.196131944656372,0.001958571374420916,1.130692761644318e-09,-0.2823282505563333,3.115776059023116e-08,89.65,0.0,2.983,0.109,hover
1.235,0.07535109668970108,-7.300193227699481e-10,1.1967891454696655,0.014136545360121294,2.3448396002711227e-09,0.10575531487610157,1.0543829488843857e-08,141.899,0.0,2.96,0.1073,hover
1.358,0.07451789826154709,-4.2909328867857255e-10,1.1972111463546753,-0.01359544694426844,-4.0244890753365326e-10,-0.2247646994322179,-2.226646643099577e-08,83.617,-0.0,3.36,0.1383,hover
1.461,0.06844212114810944,-5.478842934891759e-10,1.1978963613510132,-0.026983208954397146,-7.092243459200108e-11,-0.13027781483488207,3.2261213205073166e-09,76.262,0.0,2.551,0.0797,hover
1.576,0.06178821995854378,-3.150702476695244e-10,1.199411153793335,-0.011978205293444894,8.068684609360208e-10,0.13062858688463164,7.641756500294245e-09,109.499,0.0,2.8,0.0961,hover
1.699,0.058561600744724274,-1.4011726501284016e-10,1.2002347707748413,-0.014202203601631838,2.55812732108992e-10,-0.01804314396801047,-4.470676894412121e-09,91.436,-0.0,2.198,0.0592,hover
1.802,0.05065375939011574,-1.587622672216682e-10,1.2007184028625488,-0.02842396497733065,-1.2247841629815194e-10,-0.13804605506795578,-3.6719502827522887e-09,60.077,-0.0,2.743,0.0922,hover
1.905,0.04156874120235443,-1.170626373614425e-10,1.201385498046875,-0.03251712769277522,2.3446175556661975e-10,-0.03995905574223946,3.484589598740104e-09,58.791,0.0,2.534,0.0787,hover
2.026,0.027737386524677277,-5.1062737371765365e-11,1.202054500579834,-0.019232043996498107,3.16959999913841e-11,0.10928841049707837,-1.6680321808033852e-09,74.323,-0.0,2.351,0.0677,hover
2.15,0.010193114168941975,-4.909085984938777e-11,1.2025914192199707,-0.03140571061529088,3.788983016237373e-11,-0.09851429689286532,5.012301087881844e-11,29.5,0.0,2.357,0.068,hover
2.276,-0.001441832398995757,-1.2286309990228172e-11,1.2028652429580688,-0.029093920602530993,4.988858718508152e-11,0.018362734421647462,9.530709423509621e-11,34.198,0.0,1.32,0.0213,hover
2.4,-0.01727607473731041,-2.1736631591884326e-11,1.2029457092285156,-0.02158782444899345,-9.990055657739217e-12,0.060239845244998105,-4.805534201199988e-10,32.546,-0.0,1.547,0.0293,hover
2.526,-0.02383573353290558,1.749183610455507e-11,1.2028387784957886,-0.009434763342164093,5.675082799541002e-11,0.09682484407432927,5.317323426825968e-10,40.9,0.0,1.279,0.02,hover
2.65,-0.030270904302597046,-1.5205867164372333e-12,1.2025465965270996,-0.01969747245316328,-1.121048783320037e-10,-0.08246959353327687,-1.3568991692136523e-09,9.613,-0.0,0.919,0.0103,hover
2.754,-0.0378270149230957,-1.6522581913758216e-11,1.2022747993469238,-0.01329509541395425,4.978417851587092e-11,0.06195611641394323,1.5666083379321778e-09,22.84,0.0,1.551,0.0295,hover
2.856,-0.04110107943415642,1.690161031964177e-11,1.2020734548568726,-0.012467615306406468,4.118797317108232e-11,0.00806847544846077,-8.381865756253132e-11,15.621,-0.0,0.725,0.0064,hover
2.959,-0.0483594574034214,-1.1817585104934025e-11,1.201844334602356,-0.014381948858533045,-7.47291768398238e-11,-0.01861015808435037,-1.1268864216447062e-09,6.089,-0.0,1.114,0.0152,hover
3.083,-0.05012717843055725,1.5836068567587347e-11,1.2016263008117676,-9.68575477602355e-05,8.234428763872798e-11,0.11522089118505344,1.2669253675049473e-09,29.949,0.0,1.01,0.0125,hover
3.208,-0.050292715430259705,4.837409119107239e-12,1.2013611793518066,-0.0027106143534246676,-7.78720620974321e-11,-0.020983697181395183,-1.2862449020070423e-09,14.617,-0.0,1.018,0.0127,hover
3.334,-0.053010161966085434,-1.7627182699597732e-11,1.2011594772338867,-0.0038496218621820524,1.8741085072759114e-11,-0.009046423255817422,7.673377169669712e-10,12.851,0.0,1.155,0.0163,hover
3.456,-0.053100068122148514,1.2269959354105353e-11,1.2010279893875122,0.0017420388758223125,4.532127711325844e-11,0.04552396046456332,2.1640004075498462e-10,22.945,0.0,0.717,0.0063,hover
3.559,-0.04972582310438156,1.730939523658659e-11,1.2008851766586304,0.009504146873973109,-1.8970285412023083e-11,0.07535683761443195,-6.241614827247881e-10,35.928,-0.0,0.943,0.0109,hover
3.676,-0.04704516753554344,-8.429684034139129e-12,1.2006487846374512,0.0032354146242217128,-4.8225637892919376e-11,-0.05396717333444433,-2.518577306215956e-10,19.312,-0.0,1.866,0.0426,hover
3.801,-0.04612075537443161,-9.263386065161416e-12,1.2005163431167603,0.006333459168687322,3.748227856573548e-11,0.024797694348977464,6.860323294660784e-10,29.908,0.0,1.461,0.0261,hover
3.927,-0.04189435765147209,1.335310854944094e-11,1.2004573345184326,0.025411602109729862,9.360990715239937e-11,0.1510757389107955,4.4446270206934333e-10,62.677,0.0,2.045,0.0512,hover
4.05,-0.02929113619029522,1.6546793449312425e-11,1.200074553489685,0.018985010683580775,-1.0616420936829004e-10,-0.05208801336653743,-1.6191844418921172e-09,48.781,-0.0,1.327,0.0216,hover
4.153,-0.02520058862864971,-3.352327443417735e-11,1.1996870040893555,0.00710692256690728,-4.396049496656871e-11,-0.11513503785454554,6.029444252297079e-10,33.823,0.0,2.057,0.0518,hover
4.268,-0.01701314002275467,4.186693960267496e-12,1.1995729207992554,0.03754021599897551,1.9695697980580513e-10,0.2644498077953156,2.0934500579209025e-09,104.669,0.0,1.682,0.0347,hover
4.371,-0.000986900762654841,3.9611765256797327e-11,1.199012041091919,0.028244568966394924,-1.2182182346249317e-10,-0.09033751831910118,-3.097975415703414e-09,73.448,-0.0,2.432,0.0724,hover
4.488,0.008464745245873928,-3.345266078036424e-11,1.1982218027114868,0.02481124829506696,-5.4864533055715336e-11,-0.029448711807250234,5.743145302593869e-10,84.315,0.0,2.462,0.0743,hover
4.615,0.018377607688307762,-4.575157960817755e-12,1.1979581117630005,0.035433098673903075,1.3834571509251426e-10,0.08349251030996077,1.518719249486713e-09,112.94,0.0,2.476,0.0751,hover
4.74,0.03527336195111275,3.1227537916622694e-11,1.1974332332611084,0.03425590693958637,-4.208265680381944e-11,-0.00945118974928553,-1.4485854166625768e-09,114.808,-0.0,3.048,0.1138,hover
4.864,0.04136771336197853,-3.645707347121885e-11,1.196629285812378,0.016076490283049857,-1.778486212471157e-10,-0.14643692553548426,-1.093607721361499e-09,91.864,-0.0,2.756,0.093,hover
4.967,0.05066732317209244,-3.398669149931588e-12,1.19662344455719,0.03189826384194179,2.1412030677210534e-10,0.1533919092360484,3.8001341636118284e-09,141.764,0.0,2.95,0.1066,hover
5.081,0.06059449911117554,2.8830977535920788e-11,1.196401596069336,0.015842728316820827,-1.2310139886646356e-10,-0.14110677410769626,-2.9637296723800857e-09,106.64,-0.0,3.45,0.1458,hover
5.184,0.06991918385028839,-2.11429415641895e-11,1.195875883102417,-0.004814937710773246,-1.0844558757963935e-10,-0.20027907061456368,1.420902177286988e-10,89.906,0.0,3.433,0.1444,hover
5.3,0.0734405443072319,-9.400739735265784e-12,1.1963834762573242,0.016731210053006065,2.6304295113666296e-10,0.18481703345401537,3.1865283038266534e-09,150.378,0.0,3.078,0.1161,hover
5.427,0.07511765509843826,1.2145531975982227e-11,1.1968327760696411,-0.0161789357662578,-1.7475159774140364e-10,-0.2606182560966718,-3.466932431227464e-09,77.126,-0.0,3.284,0.1321,hover
5.551,0.06782794743776321,-3.818991997639465e-11,1.197874665260315,-0.022088177502206784,4.510627982245406e-11,-0.04769540608684179,1.7745442174088552e-09,88.397,0.0,2.952,0.1067,hover
5.673,0.061677709221839905,-2.988081136690024e-12,1.1990904808044434,-0.02223253250127252,1.579285747319931e-10,-0.001180881698999878,9.229315518001022e-10,88.176,0.0,2.811,0.0968,hover
5.776,0.05510994791984558,1.835246364600973e-11,1.200406551361084,-0.0064610503614099405,-4.767388740734022e-11,0.15298743642942192,-1.994396806040954e-09,111.84,-0.0,3.113,0.1187,hover
5.88,0.05415650084614754,6.888517967845731e-12,1.2007521390914917,-0.015000812709366472,-4.6606436158417125e-11,-0.08211321545753156,1.0263968811053279e-11,84.072,0.0,2.034,0.0507,hover
5.983,0.040651459246873856,-4.69696712079859e-11,1.200821042060852,-0.03783265128740545,-1.0963755944807269e-10,-0.22132013199941575,-6.109913785022996e-10,34.068,-0.0,2.7,0.0893,hover
6.086,0.02947838418185711,1.7673487456501547e-12,1.2017942667007446,-0.028529902920193407,2.2272467772626374e-10,0.09034080417775926,3.2276345225542434e-09,65.853,0.0,2.436,0.0727,hover
6.189,0.016003381460905075,9.3651171886866e-12,1.2025573253631592,-0.026328256353797284,-1.1108833037507892e-10,0.021371267296673453,-3.2403052933778e-09,49.299,-0.0,2.385,0.0697,hover
6.312,0.004707347135990858,-1.0909016745497269e-11,1.2027071714401245,-0.017486512661020977,1.01161158443344e-10,0.07170110928042914,1.7212129554172077e-09,55.192,0.0,1.688,0.0349,hover
6.433,-0.008354258723556995,3.1611254412700074e-12,1.2026640176773071,-0.029462738893994807,-7.779193955688523e-11,-0.0991329087547923,-1.4812797278829505e-09,17.273,-0.0,1.179,0.017,hover
6.557,-0.02094266563653946,-7.612562923781097e-13,1.2026838064193726,-0.025419052690326804,3.4059980855749846e-11,0.032609538458027915,9.020085428467545e-10,22.867,0.0,1.579,0.0305,hover
6.66,-0.02947341836988926,1.976209300369458e-11,1.202528476715088,-0.014295103028449949,-1.3377320085026326e-11,0.10832279269928943,-4.619349306867072e-10,33.145,-0.0,1.535,0.0289,hover
6.776,-0.03690497204661369,-5.913779448779577e-12,1.2022908926010132,-0.02412544563418289,-8.119004600589722e-11,-0.08494480802609874,-5.859754045312181e-10,0.474,-0.0,1.091,0.0146,hover
6.9,-0.04387542977929115,1.3035478729425676e-12,1.202070951461792,-0.010915100574518846,1.205873508688983e-10,0.10653026746891399,1.6271641627202003e-09,25.303,0.0,0.58,0.0041,hover
7.025,-0.04875607043504715,1.3657144859458015e-11,1.2018367052078247,-0.009462703019402623,-3.4151067390766e-11,0.011635714497212636,-1.2396688842371745e-09,13.015,-0.0,1.154,0.0163,hover
7.149,-0.05055668205022812,2.534824780631162e-12,1.2016386985778809,-0.0030109658837388594,-1.5799373528255963e-11,0.051892517685600346,1.476060754330546e-10,20.811,0.0,1.374,0.0231,hover
7.273,-0.05214191973209381,1.384315839042527e-12,1.2014422416687012,-0.0066990032792247495,-5.154595283605535e-12,-0.029612064014770952,8.546926752680093e-11,8.97,0.0,0.71,0.0062,hover
7.398,-0.052908360958099365,3.253563867974818e-12,1.2012560367584229,-0.0007874332368392223,3.736862707300442e-11,0.0472684882901846,3.40012623315417e-10,21.333,0.0,0.963,0.0114,hover
7.522,-0.05309046804904938,2.7779415052997525e-12,1.2010624408721924,0.006516464054599691,2.9617692846941793e-12,0.059055197562345105,-2.781944629163694e-10,28.395,-0.0,1.417,0.0246,hover
7.647,-0.05027487874031067,9.751597099261211e-12,1.2008851766586304,0.002102460712199343,-2.7123702589567576e-11,-0.035361465127910434,-2.410207428524292e-10,17.227,-0.0,0.74,0.0067,hover
7.771,-0.048357583582401276,-6.080191471830032e-12,1.2007083892822266,0.004065223038206038,1.2503127873349226e-11,0.015810965462376335,3.192125911176078e-10,26.054,0.0,0.882,0.0095,hover
7.895,-0.044520556926727295,3.9728025556795554e-12,1.2005536556243896,0.016009900718964697,4.976965020675958e-11,0.09647936052580075,3.010085612891599e-10,47.573,0.0,1.218,0.0182,hover
8.02,-0.0382264144718647,6.808091417009887e-12,1.2003217935562134,0.013378914445669837,-2.2434202932905093e-11,-0.020988162824804535,-5.759916886133138e-10,38.146,-0.0,1.802,0.0398,hover
8.147,-0.03189799189567566,-1.5405627077844097e-12,1.2000916004180908,0.024870969355164318,4.639088321399935e-11,0.09102942308221974,5.45168634754842e-10,64.458,0.0,2.24,0.0615,hover
8.25,-0.020524531602859497,1.91746098165968e-11,1.1997212171554565,0.025871442630947327,-4.383147490804263e-11,0.009651456157461949,-8.703652110609503e-10,66.687,-0.0,1.944,0.0463,hover
8.366,-0.012438002042472363,-9.769099591772079e-12,1.1992485523223877,0.017135520465711953,-9.128884714153699e-11,-0.07557720393743493,-4.105686190633462e-10,56.457,-0.0,2.648,0.0859,hover
8.49,-0.0033379034139215946,-2.6472136115118783e-12,1.1989467144012451,0.02733030123642496,5.452715644469138e-11,0.0821813211773003,1.1754398738946212e-09,89.498,0.0,1.902,0.0443,hover
8.593,0.00913936085999012,1.3129590296923066e-11,1.1985119581222534,0.028474139981038173,-3.705054926065074e-11,0.01113686940124836,-8.916370015523701e-10,92.339,-0.0,2.216,0.0602,hover
8.71,0.01893835887312889,-1.0816736395469206e-11,1.1980047225952148,0.02575758844620032,-4.6808802493912017e-11,-0.023183928329857065,-8.32800853152337e-11,94.742,-0.0,2.446,0.0733,hover
8.812,0.03167296573519707,-5.156118587645864e-12,1.197442650794983,0.03346521407373598,6.041358819472633e-11,0.07508651825029981,1.0445442454445378e-09,120.717,0.0,2.719,0.0906,hover
8.928,0.048724085092544556,2.0578195397691346e-11,1.196631908416748,0.04746718332182503,3.8891199288883673e-11,0.1206675110492501,-1.8547770353491287e-10,151.292,-0.0,2.662,0.0868,hover
9.052,0.061854515224695206,-3.3213301900425485e-12,1.1953696012496948,0.00938121229412358,-1.972204138286654e-10,-0.30818527799499995,-1.9105754996650614e-09,86.225,-0.0,2.632,0.0849,hover
9.155,0.059336479753255844,-7.197508561374022e-11,1.195680022239685,0.013961456716093177,1.604107471856872e-10,0.04446194072349487,3.4716434358009775e-09,121.098,0.0,3.115,0.1189,hover
9.271,0.07197632640600204,6.436796234909892e-11,1.1967473030090332,0.025503337383329702,1.1519604714598432e-10,0.09956184753391967,-3.9002821129692396e-10,149.152,-0.0,2.98,0.1088,hover
9.395,0.07019293308258057,-2.3807856727731114e-11,1.196502923965454,-0.013865530490907559,-4.433142221382032e-10,-0.3181868983119664,-4.5139893488075e-09,70.507,-0.0,2.749,0.0926,hover
9.498,0.06702969968318939,-7.321372674784499e-11,1.1972118616104126,0.0008819624781629136,1.699040214079924e-10,0.14313160638040753,5.951581902403247e-09,126.987,0.0,2.794,0.0956,hover
9.601,0.07178038358688354,4.939490136357527e-11,1.1982184648513794,0.012092292308835555,1.819143793939458e-10,0.10845563642805478,1.1619560162550431e-10,137.369,0.0,3.185,0.1243,hover
9.723,0.06539483368396759,-2.94886615126444e-11,1.1983643770217896,-0.016533769667187122,-3.266182897067989e-10,-0.23492361623418287,-4.173341540950816e-09,73.921,-0.0,2.885,0.102,hover
9.846,0.06040224805474281,-3.060817918565384e-11,1.1992961168289185,-0.011034775525357214,1.7337520308343009e-10,0.04465337996262259,4.06008786999204e-09,101.516,0.0,2.515,0.0775,hover
9.971,0.05540741607546806,2.7672154498392665e-11,1.2001125812530518,-0.02163741737609184,-8.662038100702077e-11,-0.08483877287167865,-2.080397189381708e-09,75.053,-0.0,2.75,0.0926,hover
10.096,0.041605670005083084,-3.0264957207037924e-11,1.2008824348449707,-0.04234071820984218,-9.460748157130561e-11,-0.16561377134198893,-6.389192994686943e-11,39.461,-0.0,2.011,0.0496,hover
10.2,0.029519226402044296,2.275568622422952e-12,1.2020184993743896,-0.024133129045423484,2.1190658955258284e-10,0.17592702910151808,2.9616282212702663e-09,78.293,0.0,2.398,0.0704,hover
10.313,0.025522053241729736,4.9188778050712756e-11,1.2025132179260254,-0.003183493390686779,6.068496399850008e-12,0.18411438089483936,-1.8089934216503195e-09,94.887,-0.0,1.675,0.0344,hover
10.417,0.01833602413535118,-8.574964740007407e-13,1.2022883892059326,-0.03833579830834263,-2.3662328878032765e-10,-0.33966589212237513,-2.3450559477422177e-09,6.319,-0.0,2.036,0.0508,hover
10.531,0.004498311318457127,-5.024902716144197e-11,1.2023359537124634,-0.029917631764034617,9.857305943739783e-11,0.07352444392735356,2.927611966272128e-09,43.557,0.0,2.109,0.0545,hover
10.635,-0.0038726581260561943,2.6893640092673365e-11,1.2026678323745728,-0.013860757462712644,1.7301763320694351e-10,0.15534803474193465,7.202409395051289e-10,58.648,0.0,1.71,0.0358,hover
10.738,-0.014120826497673988,6.106505925917993e-12,1.2026695013046265,-0.03182049840696122,-2.0567055003576555e-10,-0.17438268892135753,-3.6769274045545152e-09,3.768,-0.0,1.001,0.0123,hover
10.856,-0.025356564670801163,-9.552015428626603e-12,1.2025855779647827,-0.012473203241854174,1.823055595377795e-10,0.16301151749306786,3.268910399770109e-09,42.691,0.0,1.764,0.0381,hover
10.981,-0.03366692736744881,1.918094849617802e-11,1.2023462057113647,-0.022169202566198518,-1.1392601272113184e-10,-0.07782687917207887,-2.377762003681682e-09,6.065,-0.0,0.835,0.0085,hover
11.106,-0.04020931199193001,-9.811793738601082e-12,1.2021428346633911,-0.010523945093179434,5.478278421190974e-11,0.09310416801708271,1.3488316777887057e-09,26.909,0.0,0.793,0.0077,hover
11.209,-0.0449398048222065,6.5466577471584575e-12,1.2019652128219604,-0.010774470865751581,1.2309543575451487e-11,-0.0024377247419149627,-4.132831065873087e-10,12.623,-0.0,1.527,0.0285,hover
11.312,-0.047034405171871185,8.8159826661105e-12,1.2018400430679321,-0.006555113941446322,7.648721066251315e-12,0.04087779721258409,-4.515478562086873e-11,19.738,-0.0,0.992,0.0121,hover
11.416,-0.04911847412586212,6.404426468320512e-12,1.2017027139663696,-0.009134411811849902,-2.5425137256039203e-11,-0.024901333355641778,-3.193051802550274e-10,9.47,-0.0,1.012,0.0125,hover
11.519,-0.05096238851547241,8.664665664646909e-13,1.2015208005905151,-0.003947876393804214,1.3255970756870603e-11,0.05019035745279654,3.7431897815318726e-10,20.653,0.0,0.753,0.007,hover
11.636,-0.05110219493508339,7.0322996557903306e-12,1.2013317346572876,0.0003362074494369713,2.040137806959866e-11,0.03646626078141426,6.082193906322585e-11,22.266,0.0,1.372,0.0231,hover
11.74,-0.052082519978284836,7.758696029397383e-13,1.2011632919311523,-0.008156057447214062,-4.295474837378734e-11,-0.08215371701509344,-6.12903783189218e-10,2.087,-0.0,0.753,0.007,hover
11.854,-0.05243875831365585,-1.5501629927611171e-12,1.2010074853897095,0.009972136467718476,9.505016131833246e-11,0.15831158856806168,1.2051821922290311e-09,42.218,0.0,0.7,0.006,hover
11.978,-0.04951740428805351,1.2857235241747755e-11,1.2008153200149536,0.004128552973280038,-7.702866122745367e-11,-0.04707839487272216,-1.3863402079826224e-09,17.927,-0.0,1.498,0.0275,hover
12.103,-0.04598063975572586,-1.7546371256990656e-12,1.2006455659866333,0.010812189430023596,9.255928814220415e-12,0.05380973364070671,6.946743494337547e-10,36.658,0.0,1.501,0.0276,hover
12.205,-0.043071698397397995,2.7953017504855904e-12,1.2004684209823608,0.0035814009606921693,-1.655628216992417e-11,-0.07034419294025983,-2.511121930042088e-10,21.493,-0.0,1.368,0.0229,hover
12.308,-0.039497535675764084,4.3679744202032925e-14,1.2003324031829834,0.017748679965775848,5.133631599325768e-11,0.1378537872639798,6.606245123448006e-10,56.657,0.0,1.802,0.0398,hover
12.429,-0.03024345450103283,2.6981406692216936e-11,1.200144648551941,0.029018381610580363,2.7038484298810015e-11,0.09287465308499884,-2.0024067721259187e-10,70.076,-0.0,1.93,0.0456,hover
12.532,-0.02178972400724888,2.7538208258875985e-12,1.199706792831421,0.017075799405614597,-1.326694559336161e-10,-0.11630473317594892,-1.555341136114538e-09,46.611,-0.0,1.699,0.0353,hover
12.635,-0.016126522794365883,-2.6898322111335027e-11,1.1993507146835327,0.012594275176554467,1.067006726032371e-11,-0.043667253639838165,1.3966773347638315e-09,52.517,0.0,2.25,0.062,hover
12.756,-0.003029647981747985,2.4783746235823578e-11,1.199179768562317,0.04179656389179136,1.2878110036725936e-10,0.24008937712796835,9.710610235761788e-10,115.664,0.0,2.477,0.0752,hover
12.883,0.012282938696444035,1.2473122361356115e-11,1.198360800743103,0.024724402464983863,-1.826899092079265e-10,-0.13530933418701852,-2.4686349824456875e-09,76.818,-0.0,2.578,0.0814,hover
13.005,0.024540461599826813,-2.679414329298524e-11,1.1975157260894775,0.026902416721049066,1.2571042297433875e-10,0.017787713687632878,2.518687283498102e-09,103.719,0.0,2.887,0.1021,hover
13.13,0.04280105605721474,3.4709218138528897e-11,1.1968754529953003,0.02018781378869947,-8.880483154414966e-11,-0.05366411003284212,-1.714437970224854e-09,105.478,-0.0,2.891,0.1024,hover
13.255,0.04977526143193245,-3.701318765370054e-11,1.1964606046676636,0.03665639087566336,1.1806137664743568e-10,0.13245016643975102,1.663742019790185e-09,142.807,0.0,3.281,0.1319,hover
13.38,0.061724256724119186,3.516097829558973e-11,1.196286916732788,0.006985384970919677,-4.9640846988668e-11,-0.23705832252380607,-1.339867207276954e-09,90.221,-0.0,2.73,0.0913,hover
13.504,0.0653655081987381,-2.3409879937319467e-11,1.1961995363235474,0.007267110049741516,-7.25227169985934e-11,0.002274660477790779,-1.8474920865117068e-10,116.9,-0.0,2.847,0.0993,hover
13.606,0.07179281860589981,-1.2652254461134604e-12,1.1966264247894287,0.027137808501783676,1.5943972216747975e-10,0.19354271263473358,2.259338785394191e-09,159.383,0.0,2.722,0.0908,hover
13.722,0.07305771112442017,-1.146274308111428e-11,1.1966159343719482,-0.014708377420936532,-2.61748739003364e-10,-0.3608388499422484,-3.631899935122047e-09,68.13,-0.0,2.891,0.1024,hover
13.825,0.06859501451253891,-3.71378761077068e-11,1.1977002620697021,-0.0014649704098735619,1.8613105848318627e-10,0.12869184504243122,4.352239378252583e-09,125.541,0.0,2.763,0.0935,hover
13.94,0.06881899386644363,3.69793674848129e-11,1.1988725662231445,0.0038305297494023905,7.939178828260858e-11,0.04619973313042869,-9.312294683185626e-10,123.326,-0.0,2.487,0.0758,hover
14.064,0.06629739701747894,5.425303218828392e-13,1.1990700960159302,-0.025289133191167643,-2.072258787097811e-10,-0.23444908312144813,-2.307624554924154e-09,67.195,-0.0,3.061,0.1147,hover
14.168,0.04942053556442261,-6.919079198475231e-11,1.2000058889389038,-0.032089650631025715,1.1244824516003066e-10,-0.06556674957316977,3.082117413881941e-09,62.126,0.0,2.627,0.0845,hover
14.282,0.04099006950855255,4.043986326363047e-11,1.2015565633773804,-0.016967765986958948,1.7450277334281762e-10,0.1320583594986067,5.419178484802306e-10,89.067,0.0,1.986,0.0483,hover
14.404,0.02890814282000065,-1.020342317581413e-11,1.2022169828414917,-0.02187490463261934,-1.8213371349344013e-10,-0.04033122275030219,-2.9311553290222176e-09,58.826,-0.0,2.122,0.0551,hover
14.528,0.014145717024803162,-1.658410561655721e-11,1.2025049924850464,-0.033329590223807284,2.05538711051591e-11,-0.09237022660505752,1.6344663474488889e-09,31.118,0.0,1.746,0.0373,hover
14.652,0.0043112230487167835,1.890834711026912e-11,1.202770471572876,-0.023910484742428954,8.940309430292856e-11,0.07567341317678968,5.531369963152186e-10,50.67,0.0,1.351,0.0223,hover
14.755,-0.0001725755719235167,2.2139760511019624e-11,1.202788233757019,-0.025325677597779664,-3.136726989268573e-11,-0.013757515972624961,-1.1740450837911756e-09,35.046,-0.0,1.819,0.0406,hover
14.859,-0.01121590193361044,-1.5071582870618272e-11,1.202721357345581,-0.03072526305921086,-7.732605788336713e-11,-0.0519196403950058,-4.419160993951599e-10,17.468,-0.0,1.242,0.0189,hover
14.962,-0.023720627650618553,2.522648973393715e-12,1.2026885747909546,-0.02223788760607657,6.989870379568356e-11,0.08267619371261249,1.4341280155546114e-09,27.824,0.0,1.605,0.0316,hover
15.088,-0.03156031668186188,1.8299086204653925e-11,1.2025301456451416,-0.022670254111342814,-4.994138783088169e-11,-0.0034290878952752944,-9.504487571540361e-10,13.562,-0.0,1.66,0.0338,hover
15.212,-0.038158923387527466,-7.724209293014095e-12,1.2023180723190308,-0.014635268598829045,-1.5240521518447008e-11,0.06472120318693513,2.7951286481749066e-10,22.129,0.0,1.512,0.028,hover
15.315,-0.04281456023454666,5.7966652311503e-12,1.2020776271820068,-0.003998167812833567,7.184248855557442e-11,0.10368353940977261,8.488285378304269e-10,30.816,0.0,1.328,0.0216,hover
15.429,-0.04596298187971115,9.543241197285113e-12,1.2018011808395386,-0.01272419467571363,-7.339452396549103e-11,-0.07646392238011186,-1.2726744744932744e-09,3.35,-0.0,1.227,0.0184,hover
15.554,-0.04981343448162079,-7.307044726234668e-12,1.2015659809112549,-0.004239846020946847,4.0386422504961916e-11,0.06749501648227733,9.051545581024255e-10,22.398,0.0,0.594,0.0043,hover
15.679,-0.052007514983415604,8.686923576306516e-12,1.2013920545578003,-0.008428469300289725,3.0103957521302677e-12,-0.03352829918173567,-2.991805477885073e-10,6.617,-0.0,0.827,0.0084,hover
15.783,-0.053223274648189545,1.8374930483427976e-12,1.201217770576477,0.003534834831961287,2.5196384150171384e-11,0.11593799965599876,2.1500741658200234e-10,31.104,0.0,1.16,0.0165,hover
15.9,-0.05310065299272537,6.6808386080252635e-12,1.2010650634765625,-0.0031325034797264626,-3.628228360122572e-11,-0.056839344367386,-5.241082729286621e-10,8.148,-0.0,0.696,0.0059,hover
16.003,-0.05260295420885086,-1.5601751661431518e-12,1.2009199857711792,0.007371883839386001,4.6905567537806574e-11,0.10180555523486427,8.062331592243668e-10,34.574,0.0,0.857,0.009,hover
16.106,-0.049834709614515305,9.585287424895839e-12,1.200752854347229,0.008896458894035092,-9.181566097714893e-12,0.014778243652088175,-5.436723656768382e-10,28.965,-0.0,1.569,0.0301,hover
16.225,-0.046697866171598434,5.315948636147594e-12,1.2006160020828247,0.009065959602615505,-8.87473688290078e-12,0.001431315960075979,2.590959978038533e-12,29.559,-0.0,1.479,0.0268,hover
16.328,-0.04243619740009308,1.5405302901394524e-12,1.2004348039627075,0.013079494237930263,-1.542758705078266e-11,0.0390067437542328,-6.368584566566331e-11,39.944,-0.0,1.961,0.0471,hover
16.444,-0.03481778874993324,1.0415478375602749e-11,1.2001953125,0.01356005668643297,6.518440301432541e-12,0.0041408330046443075,1.8910098919301522e-10,41.609,0.0,2.177,0.058,hover
16.565,-0.0263267420232296,4.3206727258493505e-12,1.1998952627182007,0.021552201360514327,-1.2051449248290712e-12,0.06561068744326969,-6.340597635389446e-11,61.981,-0.0,2.216,0.0601,hover
16.691,-0.017044421285390854,2.5963851294635854e-12,1.1995316743850708,0.018618302419825077,-9.010533205004905e-12,-0.023347836599631695,-6.21149309660315e-11,59.474,-0.0,2.098,0.0539,hover
16.794,-0.010122887790203094,-1.7326655735172558e-11,1.1991560459136963,0.024814507924078123,3.0754478824795494e-12,0.06017729763889727,1.173785602592456e-10,75.283,0.0,2.696,0.089,hover
16.908,0.004515428561717272,2.478023168606125e-11,1.198788046836853,0.033984717447389894,5.074456480026082e-11,0.08014403781568276,4.1660940234647445e-10,98.209,0.0,2.893,0.1025,hover
17.034,0.016876189038157463,3.0252486713649995e-12,1.1980115175247192,0.021459534764339868,-1.1966575191722917e-10,-0.0997261204780062,-1.3568153220361079e-09,83.334,-0.0,2.105,0.0543,hover
17.137,0.02207452803850174,-3.005879919970589e-11,1.1976158618927002,0.014815246686373906,3.2964516533195095e-11,-0.06447516273142126,1.481100951765811e-09,82.827,0.0,2.455,0.0738,hover
17.239,0.03665437921881676,3.54908012700772e-11,1.1974965333938599,0.034891068935475604,5.526482049779792e-11,0.19604917652343104,2.1777221247703632e-10,136.985,0.0,3.076,0.1159,hover
17.362,0.0505383238196373,-1.0052294283427465e-12,1.196476936340332,0.013648532331021647,-2.522101857878303e-10,-0.17383246528665094,-2.5161372839744794e-09,93.578,-0.0,2.736,0.0917,hover
17.486,0.059652216732501984,-2.8232395588023707e-11,1.1962286233901978,0.031246338039709436,2.545537565462989e-10,0.14177159763204586,4.08259614387916e-09,147.456,0.0,2.789,0.0953,hover
17.61,0.06447254121303558,8.735733490750075e-12,1.196241855621338,0.0029336661100455943,-1.122992757815308e-10,-0.22713518505288913,-2.9430366583555598e-09,91.223,-0.0,2.86,0.1002,hover
17.713,0.06339167803525925,-3.847810264856477e-11,1.1966530084609985,0.003932043910035714,-6.795041959677688e-11,0.009690213983088138,4.3044817937630453e-10,114.706,0.0,2.678,0.0879,hover
17.817,0.07125366479158401,2.0865096109212722e-11,1.1973692178726196,0.015026889741455766,2.537377859912844e-10,0.10747223710581934,3.1160911679545765e-09,139.078,0.0,3.407,0.1422,hover
17.936,0.07044204324483871,5.432986959624797e-12,1.197139024734497,-0.02638343721634338,-2.710067955643479e-10,-0.34598690055577974,-4.384286836008166e-09,56.858,-0.0,2.968,0.1079,hover
18.061,0.06532993912696838,-3.612721927170881e-11,1.1980282068252563,-0.004542991518984892,1.684988953924479e-10,0.17547528503494642,3.5311727362987126e-09,124.308,0.0,2.835,0.0985,hover
18.186,0.06357008218765259,2.112142058474653e-11,1.1989209651947021,-0.019424594938800305,8.442595580990501e-11,-0.11897340404268364,-6.721348182610066e-10,80.426,-0.0,2.416,0.0715,hover
18.289,0.05787700042128563,-6.641776538474087e-12,1.1996088027954102,-0.0042426399886707,-9.63882836396172e-11,0.14753638002893465,-1.7571306484373254e-09,115.708,-0.0,3.041,0.1133,hover
18.404,0.052149251103401184,-1.4475998524887679e-11,1.2002376317977905,-0.02982653677470483,-2.7562153948121735e-11,-0.22197210032031942,5.971522122806443e-10,53.57,0.0,2.273,0.0633,hover
18.507,0.0400891974568367,-1.2645546068612568e-11,1.201076865196228,-0.017504673451226024,5.538809428480981e-11,0.11930836730740654,8.031787420947505e-10,87.384,0.0,1.991,0.0485,hover
18.622,0.030411651358008385,2.2054327114551242e-11,1.2018159627914429,-0.028867041692204994,-9.396736860866867e-11,-0.09893384905920403,-1.3004604769610809e-09,47.166,-0.0,2.469,0.0747,hover
18.748,0.015002400614321232,-2.547962014987082e-11,1.202271580696106,-0.02765434328473099,-6.249124481786514e-12,0.009662350914316683,6.989078662246059e-10,49.031,0.0,1.583,0.0307,hover
18.871,0.005746927112340927,5.602421738332142e-12,1.2026128768920898,-0.027003057766768684,1.0003196188069773e-10,0.005281688811158882,8.619009776769395e-10,39.031,0.0,2.107,0.0544,hover
18.994,-0.006399551406502724,6.8581000253753466e-12,1.202818512916565,-0.015515834093130032,-9.869655006484422e-12,0.09323905400958554,-8.920452046389825e-10,49.498,-0.0,1.505,0.0278,hover
19.119,-0.014898174442350864,5.440792347904955e-12,1.2026411294937134,-0.03156124148525203,-8.832377104021673e-11,-0.12885455448306754,-6.300351198220669e-10,7.335,-0.0,1.03,0.013,hover
19.245,-0.02755187824368477,-2.160007415985543e-11,1.202480673789978,-0.01675309613350958,7.589892256372113e-11,0.11758265596423247,1.3039945263151565e-09,34.254,0.0,1.057,0.0137,hover
19.37,-0.03358302265405655,3.368832643402264e-11,1.2023277282714844,-0.012937001884013763,-1.057313958610328e-11,0.030506294146531568,-6.912675607391583e-10,24.689,-0.0,1.157,0.0164,hover
19.494,-0.04152928292751312,-1.698525521620642e-11,1.2020368576049805,-0.011366326361921099,-4.7706847153383854e-11,0.012601240299801553,-2.97916893525164e-10,17.061,-0.0,1.457,0.026,hover
19.62,-0.04429517686367035,2.213420852853476e-12,1.2018576860427856,-0.0060386955738208365,9.317613141571407e-11,0.04243835403441697,1.1222327446738297e-09,22.821,0.0,1.205,0.0178,hover
19.723,-0.047763384878635406,1.0887912099688535e-11,1.2016397714614868,-0.011165626347090995,-5.6459394451445236e-11,-0.04992119977168129,-1.457009136675039e-09,6.09,-0.0,1.476,0.0267,hover
19.837,-0.05087924003601074,-4.123546122614119e-12,1.2014350891113281,-0.004490371793518995,1.920637043508235e-11,0.05828081839276362,6.60628394993791e-10,20.507,0.0,1.315,0.0212,hover
19.961,-0.05294441804289818,3.253569939506984e-12,1.2012486457824707,0.0023208558559471813,3.6511050259620694e-11,0.05497372265841516,1.3966684397069016e-10,24.085,0.0,1.256,0.0193,hover
20.085,-0.05213579535484314,1.1309098622847014e-11,1.20108163356781,-0.0037769787013618755,-3.489667322478602e-11,-0.0490350119347756,-5.742167224094423e-10,9.174,-0.0,1.355,0.0225,hover
20.188,-0.05242646858096123,-8.278875848755085e-12,1.2009114027023315,0.00242050737143127,6.7385333424476115e-12,0.06034973736156615,4.0543435706256723e-10,25.614,0.0,1.405,0.0242,hover
20.303,-0.04914279654622078,1.3133799603437524e-11,1.2007616758346558,0.007166527211682809,4.457838178466964e-11,0.041243911181560004,3.288362461190179e-10,29.581,0.0,1.409,0.0243,hover
20.406,-0.04807429760694504,2.3911072774551734e-12,1.2006231546401978,0.00776443630458734,-6.540558025751297e-11,0.005819238569506224,-1.0704351573478594e-09,28.084,-0.0,1.268,0.0197,hover
20.509,-0.04155967757105827,9.835566389115868e-12,1.2004342079162598,0.015601515769994856,4.6806308828915293e-11,0.07605422819228932,1.088950119255083e-09,46.398,0.0,1.868,0.0427,hover
20.628,-0.03543344885110855,1.7038707413302018e-13,1.2001488208770752,0.010967720299984744,-6.64685473140133e-11,-0.03903472732704556,-9.54218448174166e-10,35.364,-0.0,2.08,0.053,hover
20.754,-0.02305966056883335,1.737133874246677e-11,1.1998465061187744,0.028752721846170677,7.671185735265267e-11,0.14142008949255291,1.1385203194363644e-09,79.049,0.0,1.52,0.0283,hover
20.879,-0.013102037832140923,-5.293420649726821e-12,1.1992998123168945,0.02285081427549681,-1.0271785592260232e-10,-0.046910154162622716,-1.4261618655163657e-09,64.016,-0.0,1.924,0.0453,hover
21.003,-0.0011088013416156173,-5.4439460751842805e-12,1.1988168954849243,0.027775429771346512,6.939490215118268e-11,0.03987616382786516,1.3936512492396697e-09,86.097,0.0,2.622,0.0842,hover
21.127,0.016859106719493866,2.792151752861738e-11,1.1980935335159302,0.02608262002474188,-1.1974817838739256e-10,-0.01359662713792186,-1.5191949047783766e-09,93.778,-0.0,2.582,0.0817,hover
21.252,0.02716262824833393,-2.8296285453643932e-11,1.19739830493927,0.02221367321913651,3.1486315291224914e-11,-0.030996447307671246,1.2116299990529656e-09,96.895,0.0,2.9,0.103,hover
21.376,0.043564293533563614,2.8357016387814404e-11,1.1970700025558472,0.020565465092706927,-6.520109972778173e-11,-0.01334314985044607,-7.827377177453766e-10,110.238,-0.0,2.493,0.0761,hover
21.501,0.054928410798311234,-1.5040803671984015e-11,1.196514368057251,0.02784933894879156,5.563258187470586e-12,0.058099447831778735,5.644482870350726e-10,133.265,0.0,3.153,0.1218,hover
21.604,0.06524145603179932,-5.237783297362686e-12,1.1959470510482788,0.03419816493996007,5.6346474795180605e-11,0.06184384021213575,4.946787229188904e-10,147.364,0.0,3.23,0.1278,hover
21.718,0.0718034878373146,-7.964273338045835e-12,1.1956355571746826,-0.006089918315424807,-1.6487825644753274e-10,-0.3516968080354189,-1.931192192573631e-09,76.249,-0.0,2.935,0.1055,hover
21.821,0.06981118768453598,-5.1973300663199495e-11,1.1963725090026855,0.016140751540698474,9.084399899016515e-11,0.21674904401645176,2.4932921391293467e-09,150.002,0.0,3.042,0.1134,hover
21.924,0.0703347846865654,1.4413164238502585e-11,1.1974884271621704,-0.018405728042168598,5.708974959452977e-12,-0.3351399727544632,-8.259061409039676e-10,66.756,-0.0,2.69,0.0886,hover
22.027,0.0628676787018776,-1.968540781771555e-11,1.1989498138427734,-0.0020219013094949162,1.4461240364949509e-10,0.15865617712963812,1.3451001005895652e-09,122.655,0.0,3.057,0.1145,hover
22.154,0.0624672956764698,2.2834041948915917e-11,1.1994061470031738,-0.02161366865043909,-2.0547257471906923e-10,-0.15458121508153186,-2.7622092686303034e-09,74.913,-0.0,2.677,0.0878,hover
22.278,0.04744662344455719,-4.655601598679837e-11,1.2001676559448242,-0.025782734155714995,1.0832740954283816e-10,-0.03347460091015044,2.5195884366618205e-09,70.239,0.0,3.013,0.1112,hover
22.404,0.044354550540447235,5.1812582002597196e-11,1.201345682144165,-0.004823319613944804,4.778772863545146e-11,0.16692995685806303,-4.82164532884774e-10,106.071,-0.0,2.806,0.0964,hover
22.528,0.027200574055314064,-6.008677583269062e-11,1.201462745666504,-0.05683046765638722,-2.5521425250977863e-10,-0.4206935045862344,-2.451027794112675e-09,-11.365,-0.0,2.279,0.0636,hover
22.651,0.012977059930562973,-1.2105194450995338e-11,1.2024385929107666,-0.013259006664187814,3.9577033057134424e-10,0.35421026612570006,5.292120511133977e-09,93.04,0.0,1.893,0.0439,hover
22.754,0.004287377465516329,5.127672245142101e-11,1.2028509378433228,-0.031748902984037486,-2.674475224623956e-10,-0.17949955929315736,-6.438506213099101e-09,18.533,-0.0,1.314,0.0212,hover
22.857,-0.010485037229955196,-5.129274088799818e-11,1.2028064727783203,-0.018325867131395134,7.204219859574671e-11,0.1303428554171441,3.2965761332431603e-09,47.298,0.0,1.725,0.0364,hover
22.979,-0.01798040233552456,3.9942792129377125e-11,1.2026479244232178,-0.02248422242706294,-5.274947145762569e-11,-0.03395436436099429,-1.0189658008837159e-09,21.266,-0.0,1.719,0.0362,hover
23.103,-0.02711613103747368,-1.3645544763574158e-11,1.2024455070495605,-0.027260044589702243,-1.26932860923819e-10,-0.03855180881968518,-5.988296362183718e-10,9.916,-0.0,0.961,0.0113,hover
23.206,-0.03655143454670906,-4.739714263429784e-12,1.2023159265518188,-0.012786593288213013,1.312078158798307e-10,0.140798679564522,2.5112093638720532e-09,33.337,0.0,0.704,0.0061,hover
23.309,-0.03971545398235321,3.357721739538633e-11,1.202100396156311,-0.010887160897280318,-5.132786556905938e-11,0.01845045756777206,-1.7730911935872326e-09,19.537,-0.0,0.96,0.0113,hover
23.429,-0.047117382287979126,-2.4182583019394244e-11,1.2018126249313354,-0.014152377843889796,-5.2886514612228174e-11,-0.02711046545010248,-1.294116186599489e-11,6.316,-0.0,1.007,0.0124,hover
23.554,-0.05087262764573097,1.9637852108345122e-11,1.2015771865844727,-0.007781665772217766,4.891291365005954e-11,0.05111750235792842,8.168211740995395e-10,16.839,0.0,1.12,0.0154,hover
23.679,-0.05292310193181038,2.1623544968485398e-12,1.2013309001922607,-0.006417278200402911,-7.197625199860513e-11,0.010882802218934394,-9.642515860918008e-10,11.953,-0.0,1.024,0.0128,hover
23.805,-0.052281927317380905,5.688125317981907e-12,1.2011231184005737,0.007126480340974251,9.070668478501954e-11,0.10792560202362002,1.2963649519963981e-09,33.952,0.0,0.757,0.007,hover
23.927,-0.05090314894914627,1.0626520496881398e-11,1.2009661197662354,0.010864343494202185,-3.3330651606844303e-11,0.030439779308902664,-1.0101143329904612e-09,30.521,-0.0,1.408,0.0243,hover
24.031,-0.04775093123316765,2.305582374323434e-12,1.2007817029953003,0.002648215740925285,-4.5971283420719325e-11,-0.07962415808888806,-1.2250292304546785e-10,15.937,-0.0,1.04,0.0132,hover
24.134,-0.047085344791412354,-1.2764378963525669e-11,1.2006213665008545,0.0071278773248361765,3.664841867487493e-11,0.043439202889102635,8.011618589354422e-10,31.772,0.0,1.763,0.0381,hover
24.253,-0.04108676686882973,2.214360465824239e-11,1.200478196144104,0.013353768736155161,2.168534449236761e-11,0.052137407533239886,-1.2530509208450985e-10,43.323,-0.0,1.596,0.0312,hover
24.376,-0.03674684464931488,-3.0910024973601624e-12,1.200264811515808,0.012705102562933968,-5.6097975657246346e-11,-0.005271985717010829,-6.321781060573538e-10,39.716,-0.0,1.896,0.044,hover
24.501,-0.03295299410820007,-1.2013379006858838e-11,1.2001131772994995,0.018568709492726685,2.8041696569013192e-11,0.04689874733278028,6.72972331817234e-10,52.448,0.0,1.979,0.048,hover
24.604,-0.024037018418312073,2.0902508890419114e-11,1.1999285221099854,0.0255242921412586,8.373488534516113e-11,0.06741683911527992,5.398050655513323e-10,69.475,0.0,1.883,0.0435,hover
24.708,-0.015805089846253395,4.188820297568174e-12,1.1994537115097046,0.01017237082126127,-1.6959415642709532e-10,-0.14883016098683696,-2.455914232734788e-09,40.356,-0.0,2.414,0.0714,hover
24.829,-0.0070800562389194965,-7.093469475000225e-12,1.1991013288497925,0.02146681072195407,6.892994204951119e-11,0.09277683229352514,1.9593278176610582e-09,80.79,0.0,2.275,0.0634,hover
24.953,0.0046057505533099174,2.739238523508103e-11,1.1988258361816406,0.0337374513038289,3.70133611261344e-11,0.09926151332624863,-2.581844119314923e-10,103.056,-0.0,2.149,0.0566,hover
25.056,0.01442156545817852,-1.483930686663193e-11,1.1981710195541382,0.024863518774567377,-1.1884568849901353e-10,-0.08625337633617924,-1.51492804552976e-09,83.724,-0.0,2.774,0.0943,hover
25.17,0.0328235924243927,2.5924963564794012e-11,1.1975748538970947,0.042441301047900885,1.9307472287666862e-10,0.1534065254396038,2.7222220516081474e-09,137.734,0.0,3.221,0.1271,hover
25.296,0.04257068410515785,-1.3157944352137907e-11,1.1963484287261963,0.008086208254117738,-2.565876114016692e-10,-0.27313044713476636,-3.574913191424414e-09,71.932,-0.0,2.995,0.1099,hover
25.399,0.05063658207654953,-2.1338314795671387e-11,1.196359634399414,0.023881904780920376,2.0494456826106758e-10,0.15314723458957616,4.474786969318603e-09,134.84,0.0,2.909,0.1037,hover
25.513,0.06414298713207245,4.3346663064491864e-11,1.1962288618087769,0.019302591681525393,-4.169494610693772e-11,-0.04025036463548987,-2.1678645184021053e-09,124.512,-0.0,2.85,0.0995,hover
25.617,0.06917054951190948,-2.6610883635536098e-11,1.1957790851593018,0.017102807760278508,-1.3107050167468508e-10,-0.02123465207539958,-8.627478400018987e-10,126.353,-0.0,2.566,0.0806,hover
25.719,0.07014511525630951,-1.833711481269429e-11,1.1963577270507812,0.005541369318975012,8.84385880502832e-11,-0.11281975594461174,2.1420312062486467e-09,105.955,0.0,3.319,0.1349,hover
25.84,0.07225511223077774,1.5736044411962524e-11,1.1972439289093018,-0.00391807407141645,-3.3135169955144714e-11,-0.07796518557037257,-1.002016737370475e-09,105.021,-0.0,2.661,0.0867,hover
25.943,0.07056517153978348,-2.368824060516861e-11,1.1979550123214722,-0.0002719461917883535,-5.081308637756206e-11,0.03547882181683036,-1.7201581171852306e-10,118.008,-0.0,2.707,0.0898,hover
26.059,0.06830646842718124,-8.16480476978354e-12,1.1985639333724976,-0.01563969999555418,-2.8235551917454052e-11,-0.13311105403399223,1.955600960198434e-10,85.862,0.0,2.349,0.0676,hover
26.183,0.05537503585219383,-3.534702391894129e-11,1.1996275186538696,-0.025027431547700082,-4.757912813746476e-12,-0.07525069230654459,1.8819334430939855e-10,72.968,0.0,2.847,0.0993,hover
26.306,0.04788888245820999,1.1796754545434496e-11,1.2010340690612793,-0.0005592592060578983,1.8608975038041447e-10,0.1990862153004698,1.5528392735570467e-09,115.513,0.0,2.281,0.0637,hover
26.409,0.042879868298769,3.418549471279064e-11,1.2014352083206177,-0.041866675019361796,-2.3024030598782031e-10,-0.40091602308319746,-4.040760894933502e-09,16.073,-0.0,2.165,0.0574,hover
26.513,0.025841429829597473,-5.327470062321815e-11,1.201926589012146,-0.020992942154456427,9.574676121415603e-11,0.20219626662002463,3.157718285523796e-09,81.859,0.0,1.841,0.0415,hover
26.616,0.02028924785554409,4.5402265280714005e-11,1.2024813890457153,-0.023728935048039426,1.1870539273789357e-10,-0.026406578267694374,2.215864308977743e-10,51.39,0.0,2.12,0.0551,hover
26.72,0.007702587638050318,-7.887227329583801e-12,1.2025765180587769,-0.03780442057186235,-2.720804267656542e-10,-0.13624531282124602,-3.782657169037182e-09,17.928,-0.0,1.364,0.0228,hover
26.823,-0.005614192225039005,-2.558986876566305e-11,1.2028719186782837,-0.02045184373860357,2.0060429012416347e-10,0.1682960487394202,4.584389449271685e-09,53.039,0.0,1.953,0.0467,hover
26.925,-0.014020884409546852,3.4376411439662746e-11,1.202917218208313,-0.025952234864295407,-1.609519809101932e-11,-0.05360576364536043,-2.111911913513707e-09,19.29,-0.0,1.702,0.0355,hover
27.04,-0.022218456491827965,-2.9001941907053075e-13,1.2027356624603271,-0.024595297873077494,-9.376565279447728e-11,0.01185934468829144,-6.788234828780718e-10,20.802,-0.0,1.184,0.0172,hover
27.142,-0.03257008269429207,-1.5000523392871834e-11,1.202535629272461,-0.011716503649977334,8.34393318329409e-11,0.1253927767670006,1.725334273881799e-09,33.804,0.0,1.639,0.0329,hover
27.245,-0.035431426018476486,2.396093219669826e-11,1.2023847103118896,-0.003587454557427184,9.569059954162115e-11,0.0791901223422779,1.1934721732551806e-10,35.383,0.0,1.369,0.023,hover
27.348,-0.04253008961677551,-1.1061367967413194e-11,1.2020303010940552,-0.01946697011594541,-1.1639018741876264e-10,-0.1545734036964655,-2.064423752619221e-09,-6.586,-0.0,1.438,0.0253,hover
27.475,-0.04888217896223068,-7.982975391840341e-12,1.2018166780471802,-0.005634501576436777,1.117660651531012e-10,0.10885670940525059,1.7955102384124845e-09,24.542,0.0,1.419,0.0247,hover
27.578,-0.04942997917532921,2.944914451186165e-11,1.2016421556472778,-0.0016740523278752242,1.9658320110683987e-11,0.03847610693936436,-8.948347083308603e-10,22.496,-0.0,0.784,0.0075,hover
27.681,-0.05215679481625557,-7.814726296628827e-12,1.2014174461364746,-0.005799345672144101,-1.0994959283331474e-10,-0.04001131788718205,-1.257070218461185e-09,9.079,-0.0,1.071,0.014,hover
27.8,-0.052668169140815735,-4.076955353177203e-12,1.201246976852417,0.0029224902391501825,1.0696874159038478e-10,0.07310835393447244,1.818257363382424e-09,25.905,0.0,1.452,0.0258,hover
27.903,-0.05191384255886078,1.623323697685919e-11,1.2010544538497925,-0.0048633664846533635,-6.373113842232246e-11,-0.07544838723855404,-1.654157160303071e-09,6.413,-0.0,1.028,0.0129,hover
28.016,-0.05170583352446556,-5.433617097927446e-12,1.200875997543335,0.007057562470452545,6.081750771408675e-11,0.10541895601524048,1.101406467420326e-09,34.01,0.0,1.516,0.0281,hover
28.143,-0.049833301454782486,4.979565804835717e-12,1.200702428817749,0.008110422641057796,-4.3246385205659466e-11,0.008291040835503943,-8.194801264095062e-10,27.351,-0.0,1.833,0.0412,hover
28.267,-0.04250768572092056,1.065839257130552e-11,1.2004693746566772,0.012322328984766115,-2.7370900684894846e-11,0.03396918744960423,1.2803639623770551e-10,39.438,0.0,1.274,0.0199,hover
28.393,-0.03494721278548241,-3.1135716834634897e-12,1.2001757621765137,0.023684464395101433,1.5534475832462825e-11,0.09016634597031252,3.4048362242995166e-10,60.93,0.0,1.64,0.0329,hover
28.519,-0.02341328002512455,1.0074589600062023e-11,1.199778437614441,0.016087898984588924,-8.246224883509469e-12,-0.06070085689002863,-1.9002125735759946e-10,49.915,-0.0,1.684,0.0347,hover
28.642,-0.01784863881766796,-1.1681871615876194e-11,1.199469804763794,0.02082949504261103,-1.9956584128335444e-11,0.03842928947341782,-9.490913602725833e-11,67.411,-0.0,1.808,0.0401,hover
28.745,-0.008127394132316113,8.847336925577043e-12,1.1992141008377075,0.02431543543940489,4.630454006348783e-11,0.03391145585702145,6.445925438467863e-10,77.912,0.0,2.002,0.0491,hover
28.848,0.004742283374071121,-2.0095496447436467e-12,1.1987340450286865,0.036596553400244175,9.69547792747422e-13,0.11931543941225671,-4.4044561258859483e-10,105.647,-0.0,2.434,0.0726,hover
28.968,0.02433919720351696,2.806406149136187e-11,1.1978455781936646,0.027006026357475277,-1.5400007658019997e-11,-0.08004613841480858,-1.3662645395374523e-10,94.048,-0.0,2.307,0.0652,hover
29.092,0.03340964764356613,-4.0408437013139675e-11,1.196838617324829,0.02160575240855484,-6.535570695757853e-13,-0.043318359830808444,1.1828882365220817e-10,100.528,0.0,3.19,0.1247,hover
29.195,0.04807305335998535,2.714675359505314e-11,1.1965705156326294,0.016355887055435153,7.630788362318362e-11,-0.05126460327302201,7.515236028082136e-10,107.608,0.0,2.748,0.0925,hover
29.311,0.05800863355398178,-1.832078586061492e-11,1.1963683366775513,0.03284076228745485,9.49891207360214e-12,0.14172423657505248,-5.743719837707732e-10,148.054,-0.0,2.693,0.0888,hover
29.435,0.0681731179356575,-3.0369552359021945e-12,1.1961320638656616,0.014102086424860442,-4.9521855800237445e-11,-0.1515378327848299,-4.77295157805236e-10,110.508,-0.0,2.694,0.0889,hover
29.559,0.0708012729883194,-2.1063347246941255e-11,1.1963587999343872,0.002213753759866152,-1.854202555389031e-11,-0.09544380794990431,2.4871721305877615e-10,107.206,0.0,3.442,0.1452,hover
29.662,0.07416525483131409,8.589851052676067e-12,1.1971625089645386,0.0027446076273982115,6.455393945102362e-11,0.005165942395512816,8.086386758574564e-10,120.847,0.0,2.567,0.0807,hover
29.777,0.06705227494239807,-3.192006728380825e-11,1.1983743906021118,0.010180287063145521,1.6195421739844116e-10,0.0644658865649944,8.444413619245925e-10,128.072,0.0,2.807,0.0965,hover
29.903,0.06915435940027237,3.375175833264521e-11,1.1990092992782593,-0.0065658241510544255,7.417157166251321e-11,-0.1330956122285793,-6.976834697813751e-10,94.44,-0.0,3.151,0.1216,hover
30.006,0.05900520086288452,-3.098746606533531e-11,1.1992775201797485,-0.03381259739406837,-2.587658819864149e-10,-0.26501290497686,-3.238281501451697e-09,49.149,-0.0,2.99,0.1095,hover
30.109,0.04603585973381996,4.26594740435271e-12,1.201030969619751,-0.013274140656025352,2.7995520398486924e-10,0.19968135010825147,5.237616202159665e-09,104.197,0.0,2.382,0.0695,hover
30.228,0.03584887087345123,1.361233001317963e-11,1.201786994934082,-0.025069806724845184,-1.9268874690326287e-10,-0.09915128907737027,-3.972921641877939e-09,56.911,-0.0,2.034,0.0507,hover
30.353,0.021262794733047485,-2.6240292924639697e-11,1.2022055387496948,-0.031690113246514745,4.451300439366861e-11,-0.05293680606141115,1.8966951250266422e-09,42.81,0.0,1.733,0.0368,hover
30.478,0.00756897684186697,1.0592794003061456e-11,1.2026983499526978,-0.02502661664044729,6.686491638168186e-11,0.053058814368894446,1.7797952322538573e-10,48.391,0.0,2.137,0.056,hover
30.602,-0.005122083239257336,1.6969395723667735e-12,1.2028734683990479,-0.02847483847296914,-9.220753229986757e-11,-0.027848436630576935,-1.284696641323398e-09,25.994,-0.0,2.098,0.0539,hover
30.726,-0.01562543958425522,-5.817659722018309e-12,1.2028628587722778,-0.030969153158438855,3.1536188591159364e-11,-0.020185717190269358,1.0014196558793514e-09,16.644,0.0,1.765,0.0381,hover
30.85,-0.02600923925638199,7.917624889053343e-12,1.2027791738510132,-0.015996163710989084,6.237642780779867e-11,0.12031125027566882,2.4780807813810053e-10,36.171,0.0,1.867,0.0427,hover
30.974,-0.033637937158346176,1.0913945094892519e-11,1.2025319337844849,-0.01299381256106544,-6.0307986903126e-11,0.02416681879555103,-9.875234012625586e-10,23.05,-0.0,1.343,0.0221,hover
31.101,-0.04066264256834984,-3.946432590440363e-12,1.2022104263305664,-0.019595026969955336,-2.5526401738949584e-11,-0.052081177979964206,2.7441404189526733e-10,4.88,0.0,1.08,0.0143,hover
31.226,-0.04488968476653099,2.529872145107248e-12,1.2020097970962524,-0.007871538400668369,5.7367739031555704e-11,0.09373248658995002,6.627612499672005e-10,25.998,0.0,0.566,0.0039,hover
31.329,-0.04642673209309578,1.609792334156257e-11,1.2017881870269775,-0.0002053566277031916,7.63278329431574e-13,0.07447951652708917,-5.499312423347588e-10,29.004,-0.0,1.305,0.0208,hover
31.432,-0.04913216084241867,-4.28936920704448e-12,1.2015178203582764,-0.012869946658641293,-7.999709835550864e-11,-0.12262489063567399,-7.819623323371859e-10,-2.661,-0.0,1.198,0.0176,hover
31.552,-0.05336238443851471,-8.712196762628022e-12,1.2013360261917114,-0.004921574145566966,6.79129062016088e-11,0.06621663510235566,1.2322148696020513e-09,18.341,0.0,1.46,0.0261,hover
31.679,-0.05278564244508743,2.1600388144804583e-11,1.2011877298355103,0.00131130218506165,8.811094215375733e-12,0.04941260393307639,-4.685436181449708e-10,21.59,-0.0,1.558,0.0297,hover
31.782,-0.05236991494894028,-5.712672956209586e-12,1.2009931802749634,0.005081295967113893,-5.232874680459171e-11,0.036567288435918735,-5.930296787615189e-10,25.152,-0.0,0.833,0.0085,hover
31.895,-0.04984778165817261,7.870251217227675e-13,1.2008633613586426,0.007476191967743177,5.891288636954523e-11,0.021103841107584016,9.802620867203708e-10,28.534,0.0,0.749,0.0069,hover
31.999,-0.04738837108016014,8.268595010074709e-12,1.2007038593292236,0.007053837180154073,-3.5061905635873196e-11,-0.0040811876095851254,-9.080724737018404e-10,27.091,-0.0,1.659,0.0337,hover
32.102,-0.04366736486554146,-5.245005818554915e-12,1.200492262840271,0.009787734597944183,-5.7583603684098076e-12,0.02652085805186479,2.8426639543885603e-10,34.836,0.0,1.538,0.029,hover
32.223,-0.03739424794912338,9.056968716669722e-12,1.2002912759780884,0.01029577106239811,-4.226111648141097e-12,0.004202066217979488,1.267352057475662e-11,39.627,0.0,1.202,0.0177,hover
32.347,-0.03030882216989994,2.9201565211051106e-12,1.2000799179077148,0.027335016056958962,3.5847572740166645e-11,0.13687342297190735,3.219052460994871e-10,72.743,0.0,1.401,0.024,hover
32.45,-0.02191464975476265,5.158548067873969e-12,1.199711561203003,0.01564342528585265,-5.232500630709662e-11,-0.11346077176145074,-8.556687505367906e-10,41.705,-0.0,2.419,0.0717,hover
32.564,-0.013081973418593407,-9.56179579958416e-13,1.1994208097457886,0.03485288470991628,8.66271979281803e-11,0.1683025726781203,1.2174217366469523e-09,96.038,0.0,2.226,0.0607,hover
32.689,-0.0005497429519891739,1.2188477657715246e-11,1.1989208459854126,0.030909046472587947,-7.502061038378858e-11,-0.031722664464161526,-1.300230606801326e-09,82.209,-0.0,1.925,0.0454,hover
32.813,0.01103980466723442,-1.5889220278050842e-12,1.198392391204834,0.031922943890169156,-1.5371818401535308e-12,0.008164123562359921,5.917046241692699e-10,95.778,0.0,2.706,0.0897,hover
32.916,0.02382035367190838,-1.9714104480816896e-12,1.1976467370986938,0.030308263376425806,3.5031385344717656e-12,-0.01566415700448195,4.8896589157432054e-11,101.415,0.0,2.901,0.1031,hover
33.019,0.036082543432712555,-1.1650249341632612e-11,1.1968806982040405,0.03439234569676785,-2.230605023611701e-11,0.039676845316084904,-2.50736177741521e-10,121.241,-0.0,2.525,0.0781,hover
33.122,0.046198733150959015,6.785074889090192e-13,1.1965296268463135,0.018764287233396394,7.1106789618905504e-12,-0.1518782452828919,2.8588075883045846e-10,98.664,0.0,2.597,0.0826,hover
33.225,0.054805364459753036,2.872036159243252e-12,1.196425199508667,0.02180319279437378,2.0717829578693603e-11,0.029469169847683708,1.3195258115905862e-10,123.422,0.0,3.067,0.1153,hover
33.341,0.06680651009082794,1.8788619965404152e-11,1.196186900138855,0.020553357899236898,-2.15322551456123e-11,-0.010763383425171719,-3.638511481821685e-10,132.317,-0.0,2.541,0.0791,hover
33.466,0.06903951615095139,-3.0891022378964905e-11,1.19586181640625,0.004877336323272628,-1.323108289600114e-10,-0.12523666396222757,-8.850165812657938e-10,105.739,-0.0,2.64,0.0854,hover
33.569,0.06988561898469925,-1.255770921276822e-11,1.196852207183838,0.0066161155700837785,1.306073305065982e-10,0.01694120554167024,2.5616538662571424e-09,123.294,0.0,2.585,0.0819,hover
33.684,0.07150889188051224,2.9578811188563092e-12,1.197710633277893,-0.003630295395859596,-8.862292952466048e-11,-0.08865972921363414,-1.896946702060809e-09,104.164,-0.0,3.118,0.1191,hover
33.809,0.07065337151288986,1.3518471281628863e-12,1.1984643936157227,-0.003650784492501184,1.3141056507421774e-10,-0.00016456659740944664,1.7672894103466136e-09,111.796,0.0,2.998,0.1101,hover
33.935,0.06521104276180267,-3.5223161193309593e-12,1.1987963914871216,-0.023597851395661992,-1.218547561034825e-10,-0.15850930150202341,-2.012572041265953e-09,73.353,-0.0,3.138,0.1207,hover
34.057,0.05165828764438629,-2.630994380692364e-11,1.2001508474349976,-0.028695445507831693,2.6072026482254184e-11,-0.04163247937941247,1.2081304611838214e-09,68.443,0.0,2.858,0.1001,hover
34.183,0.04060745984315872,1.3997043975255696e-11,1.2015825510025024,-0.023251399397904226,8.1889790088021e-11,0.04330449596910464,4.4400066977069913e-10,74.807,0.0,2.456,0.0739,hover
34.307,0.029226865619421005,-9.144500478022732e-13,1.2021576166152954,-0.030165538191865654,-7.62306816522389e-11,-0.055634317549303695,-1.2723095092517165e-09,50.578,-0.0,2.14,0.0561,hover
34.41,0.018328562378883362,-4.878839086203124e-12,1.2024829387664795,-0.024973880499659568,2.56992777753528e-11,0.05056823657626263,9.92827071453751e-10,56.055,0.0,1.613,0.0319,hover
34.525,0.0030214600265026093,-4.48675948824806e-12,1.2027586698532104,-0.024934677640034257,-1.4589349693650695e-11,0.00034017574941013054,-3.4959730420087394e-10,39.674,-0.0,1.363,0.0228,hover
34.649,-0.008943243883550167,8.074158529269848e-12,1.2028521299362183,-0.03588735125967284,-9.024573623138626e-11,-0.08823329743003883,-6.094778944107973e-10,10.869,-0.0,1.723,0.0364,hover
34.773,-0.017597245052456856,-5.596420462467e-12,1.2028056383132935,-0.0146829988807782,9.752181701095343e-11,0.17085261578636346,1.5129241892428568e-09,49.259,0.0,1.044,0.0133,hover
34.876,-0.025045370683073997,1.2828881186532914e-11,1.2026183605194092,-0.01903530210261013,-3.277033592410249e-11,-0.04228731190085073,-1.2659285506029062e-09,18.411,-0.0,1.427,0.0249,hover
34.991,-0.0332440622150898,-2.8599297409448443e-12,1.2023508548736572,-0.014229677617583059,1.802730057250162e-11,0.04182879377441656,4.421493747304853e-10,24.754,0.0,1.118,0.0153,hover
35.114,-0.04292059689760208,2.5493639317641925e-12,1.2020362615585327,-0.011292751878526304,1.4252000187681043e-11,0.02387450141779295,-3.068971516417743e-11,18.223,-0.0,0.67,0.0055,hover
35.239,-0.04757949337363243,5.20013936425312e-12,1.2018537521362305,-0.010974239558007068,-1.7417599480802973e-11,0.002552606990960586,-2.538050690877847e-10,12.087,-0.0,0.635,0.0049,hover
35.342,-0.04985897243022919,7.892624921679303e-12,1.2016452550888062,0.002217944711451931,3.3186561138120644e-11,0.12784606182533573,4.90407237722085e-10,33.997,0.0,1.044,0.0134,hover
35.445,-0.05134245753288269,8.382854306543397e-12,1.2014447450637817,-0.011525582522180715,-7.387439184703423e-11,-0.13307047113524462,-1.0366080855181747e-09,-5.361,-0.0,1.305,0.0209,hover
35.548,-0.0522097684442997,5.2443132302071316e-12,1.201197624206543,-0.0019543804228351366,5.3399721710575383e-11,0.09297579578690138,1.236355879675794e-09,24.9,0.0,1.47,0.0265,hover
35.676,-0.05364764854311943,-3.0455271551182994e-12,1.2010143995285034,-0.001549720764163768,-3.3557791961980546e-11,0.0031698402908325388,-6.811685437953243e-10,15.072,-0.0,1.205,0.0178,hover
35.799,-0.05076037719845772,9.692846351938567e-12,1.2008559703826904,0.01256586983802863,6.890917957790805e-11,0.11517332512107331,8.360586644884971e-10,40.518,0.0,0.855,0.009,hover
35.925,-0.04503551870584488,1.1580576775305218e-11,1.2006078958511353,0.0056414864957464094,-1.0596645089202821e-10,-0.054773767763477865,-1.3833141086170764e-09,23.015,-0.0,0.966,0.0114,hover
36.048,-0.04346339404582977,-1.7711955166421767e-11,1.2004109621047974,-3.6787241697397135e-05,1.7805418597901943e-11,-0.04607011422557936,1.004210862134579e-09,19.953,0.0,1.069,0.014,hover
36.151,-0.038206227123737335,1.1807873255553769e-11,1.200337529182434,0.030865892767978124,1.513918114138455e-10,0.29936446660100074,1.2940955029782416e-09,84.284,0.0,1.524,0.0285,hover
36.254,-0.026332812383770943,5.0001183748982214e-11,1.2000681161880493,0.0211682636291282,-3.043572338608401e-11,-0.09424605042296763,-1.7670841777591773e-09,47.565,-0.0,1.695,0.0352,hover
36.357,-0.02313818596303463,-5.1012354063129095e-11,1.199489951133728,0.0004942994564783172,-1.5000457473414706e-10,-0.2010174342796256,-1.162593855587051e-09,18.259,-0.0,2.395,0.0702,hover
36.481,-0.0125051848590374,2.6052488291683495e-11,1.1995235681533813,0.036606797948564966,2.8075458624664467e-10,0.29275678247819886,3.492078124125893e-09,110.343,0.0,2.209,0.0598,hover
36.605,0.008586009964346886,3.263028736100182e-11,1.1986573934555054,0.03787828609356171,-2.0830472763404248e-10,0.010177185071662749,-3.914505351834718e-09,100.124,-0.0,2.162,0.0573,hover
36.729,0.01881568878889084,-4.6683927557023e-11,1.1975669860839844,0.01955451443795947,-1.3109305307987284e-11,-0.1481965440945982,1.5786753707424006e-09,75.885,0.0,2.822,0.0976,hover
36.852,0.02788344956934452,-3.110339893627745e-12,1.1973251104354858,0.02087070606653786,1.8744036813173713e-10,0.010754997228725015,1.6387516340577285e-09,100.096,0.0,2.995,0.1098,hover
36.976,0.04258790612220764,1.6104596822774653e-11,1.1971505880355835,0.037736259400932524,1.823237741342773e-11,0.13532915865600106,-1.3577245031790786e-09,138.833,-0.0,3.299,0.1333,hover
37.101,0.05595972016453743,-6.176655107520412e-12,1.1963011026382446,0.013286247849495381,-1.2018755131779335e-10,-0.19536459127150616,-1.1060261768594747e-09,95.349,-0.0,2.551,0.0797,hover
37.204,0.05561819672584534,-6.116627343510928e-11,1.1961719989776611,0.015435740351712916,3.480028765165183e-11,0.02090831822044864,1.507581465917977e-09,116.813,0.0,3.125,0.1196,hover
37.319,0.06449346989393234,1.9373100346165018e-11,1.1968138217926025,0.03818888217192535,2.66083162446646e-10,0.1981203744051408,2.013869122337046e-09,162.658,0.0,3.122,0.1194,hover
37.422,0.07094715535640717,1.7652608541585124e-11,1.1964616775512695,-0.005915760993929273,-2.943626245518849e-10,-0.4271388456571467,-5.427731624803068e-09,67.396,-0.0,2.636,0.0851,hover
37.536,0.07260295003652573,-4.9639539007051425e-11,1.1967039108276367,0.021968036889925012,1.4169351455971603e-10,0.24414572156115807,3.818032291297714e-09,160.541,0.0,2.56,0.0803,hover
37.639,0.07321245968341827,9.261246283753799e-12,1.197150707244873,-0.012615695595681034,-5.6308148247983055e-11,-0.33571567849014383,-1.9220673361190707e-09,70.639,-0.0,3.366,0.1388,hover
37.754,0.06769663095474243,-2.8570458499022067e-11,1.1980509757995605,-0.007363967597449427,-2.4914965923597927e-11,0.04597429835323043,2.7481993182522617e-10,110.446,0.0,2.605,0.0831,hover
37.856,0.06623216718435287,9.403540446317749e-12,1.1991122961044312,-0.0024884939193606766,1.4948350716898718e-10,0.0474692221711844,1.6980011404333029e-09,116.562,0.0,2.301,0.0649,hover
37.959,0.06344350427389145,1.0380851560298776e-11,1.1996160745620728,-0.00758375972505763,-8.112434335366803e-11,-0.04964237887925453,-2.2467762673688908e-09,98.482,-0.0,2.995,0.1099,hover
38.062,0.05331449955701828,-3.8261019352781034e-11,1.2000457048416138,-0.03084400668725545,-8.416704833051682e-11,-0.22622473217593805,-2.9592769139411244e-11,51.071,-0.0,2.529,0.0784,hover
38.165,0.034884046763181686,-2.387928396685446e-11,1.2014074325561523,-0.03392808139307988,1.0743446063281364e-10,-0.030032589554018593,1.865807422161031e-09,53.888,0.0,2.41,0.0711,hover
38.281,0.026117468252778053,4.114063950622082e-11,1.2026212215423584,-0.0058305449783523635,7.624413253489958e-11,0.24217945664991292,-2.688369755978335e-10,97.705,-0.0,1.961,0.0471,hover
38.406,0.015336182899773121,-7.586876548011656e-13,1.2026677131652832,-0.042111729271508844,-2.9584436977969586e-10,-0.29008514617368664,-2.9750227200779986e-09,5.556,-0.0,2.352,0.0678,hover
38.529,-0.0008898129453882575,-1.5679442119664877e-11,1.2028684616088867,-0.018994665879199853,2.7174204726568983e-10,0.18715254681635107,4.5951011028395794e-09,59.782,0.0,1.58,0.0306,hover
38.654,-0.012146515771746635,3.0933217792794565e-11,1.2029259204864502,-0.02600962761777141,-1.2885265770972802e-10,-0.05603440594481217,-3.1998872060142815e-09,20.002,-0.0,1.954,0.0468,hover
38.779,-0.025010772049427032,-1.7054593848264687e-11,1.2027510404586792,-0.01773564144960518,4.352941618247817e-11,0.06615416180935535,1.3782705672355129e-09,30.129,0.0,1.764,0.0381,hover
38.905,-0.03117484040558338,1.9582202179235786e-11,1.2025086879730225,-0.010079937055658848,2.56272867509175e-11,0.06113276490386911,-1.4295309921888119e-10,31.593,-0.0,0.913,0.0102,hover
39.029,-0.03855693340301514,-7.0207134376942815e-12,1.2021833658218384,-0.018347986042411932,-8.924751129054239e-11,-0.06669534391754396,-9.266532134858986e-10,5.733,-0.0,1.594,0.0311,hover
39.153,-0.04604145511984825,2.0297914824635166e-12,1.2019381523132324,-0.012008007615747336,5.241971136649099e-11,0.05080879086472862,1.1353256752570566e-09,16.825,0.0,0.661,0.0054,hover
39.278,-0.049103982746601105,1.6666609065074667e-11,1.2017171382904053,-0.007486902177298083,-2.3656424041782763e-11,0.03625902632759216,-6.101265794889791e-10,16.387,-0.0,0.668,0.0055,hover
39.404,-0.05336931347846985,-9.248769285152836e-12,1.201468586921692,-0.006849411874976832,-2.489046295449987e-11,0.0050751318214274505,-9.824322239892293e-12,11.42,-0.0,1.239,0.0188,hover
39.527,-0.05358470231294632,1.0037216717495578e-11,1.201285481452942,0.004552770405986028,6.69706260930236e-11,0.09256097366207125,7.457126745020765e-10,29.619,0.0,1.27,0.0198,hover
39.63,-0.05185907334089279,8.958782500567697e-12,1.2010654211044312,0.0036139972507781082,-6.872855149548319e-11,-0.009123432217778815,-1.3187874428118577e-09,19.716,-0.0,1.355,0.0225,hover
39.747,-0.05219876393675804,-1.2635135125671493e-11,1.2009130716323853,0.0007445923984015198,-3.490437105996267e-11,-0.024429970525968375,2.879773937861709e-10,15.304,0.0,1.373,0.0231,hover
39.851,-0.04862865433096886,1.193843027907926e-11,1.2007668018341064,0.012595206499039592,5.645896077017507e-11,0.11406185818020546,8.793697364189017e-10,42.344,0.0,1.197,0.0176,hover
39.966,-0.04198635742068291,1.106108520748661e-11,1.2004963159561157,0.003888271749001057,-9.87596506305813e-11,-0.07554129226462468,-1.3466753599688853e-09,20.948,-0.0,1.422,0.0248,hover
40.092,-0.04013322293758392,-2.0947988135788798e-11,1.200322151184082,0.01468881964676519,5.807333780499828e-11,0.08590219691512839,1.24737174288817e-09,47.602,0.0,1.63,0.0326,hover
40.195,-0.031351424753665924,2.626176359710186e-11,1.200173020362854,0.024725683033348277,6.847560712864354e-11,0.09782917807249288,1.0139078503163383e-10,65.655,0.0,1.336,0.0219,hover
40.297,-0.023158369585871696,-5.308403022707964e-12,1.1997873783111572,0.02063368447115106,-9.721948723446437e-11,-0.039820990745878346,-1.612449935888505e-09,54.993,-0.0,1.892,0.0438,hover
40.419,-0.01625150628387928,-1.149437402897524e-11,1.1994917392730713,0.025261426344393274,4.033676604517535e-11,0.03803258166830079,1.1304907620480723e-09,70.389,0.0,2.454,0.0738,hover
40.522,-0.0024305523838847876,2.1964359150916657e-11,1.199010968208313,0.027546280762049156,-1.337146539319988e-11,0.02216639301516807,-5.210475367765567e-10,83.565,-0.0,2.373,0.069,hover
40.636,0.008899195119738579,-5.814648675744882e-12,1.1984196901321411,0.027436995878684645,-2.0843515715391178e-11,-0.0009581837447276059,-6.551315184763566e-11,90.096,-0.0,2.417,0.0716,hover
40.761,0.0250987745821476,9.861176111791714e-12,1.1977988481521606,0.035236822441052036,8.319733790745041e-11,0.06276566175227408,8.372228503664446e-10,118.642,0.0,2.16,0.0571,hover
40.884,0.038133054971694946,-9.659931708705383e-12,1.196927547454834,0.028210226446255454,-6.834431024555616e-11,-0.05708412928394062,-1.2311257174133438e-09,110.071,-0.0,2.512,0.0773,hover
41.009,0.05228042230010033,-1.0344145678908845e-11,1.1960471868515015,0.01658499240867325,-8.125672443892788e-11,-0.09277042752373911,-1.0304224252261385e-10,105.591,-0.0,2.893,0.1025,hover
41.132,0.05788685381412506,-2.3817298827610855e-11,1.1960783004760742,0.027614645659791697,5.2564072885756744e-11,0.0893854711493878,1.0844978301779991e-09,137.948,0.0,2.578,0.0814,hover
41.235,0.06583045423030853,1.7019293960252035e-11,1.1962940692901611,0.008673407137352537,-5.877026296146863e-11,-0.18460284809303107,-1.0850734741340018e-09,100.335,-0.0,2.52,0.0778,hover
41.35,0.07043557614088058,-4.967587972914966e-12,1.1964781284332275,0.007405877113306923,8.716443365655593e-13,-0.011042947572803137,5.196109306602705e-10,122.429,0.0,2.673,0.0876,hover
41.453,0.07507655024528503,6.982227296337129e-12,1.196738362312317,0.006448477506606783,3.484517362134525e-11,-0.009297838791494147,3.2993579301408833e-10,123.649,0.0,2.708,0.0898,hover
41.567,0.0713493824005127,-2.2982201211552145e-11,1.1971633434295654,0.0013662502169543833,-5.30237746068884e-11,-0.04449371775101488,-7.692722026631293e-10,112.56,-0.0,2.52,0.0778,hover
41.67,0.0746583640575409,2.1513457681976433e-11,1.1981019973754883,0.007435679435694476,1.226427813466297e-10,0.059085464000033526,1.7101014928642729e-09,130.428,0.0,2.678,0.0878,hover
41.786,0.0636037290096283,-4.277319817780345e-11,1.198569416999817,-0.03170222043975952,-2.309441700365586e-10,-0.3373265397948298,-3.0475386570626525e-09,48.363,-0.0,2.929,0.1051,hover
41.91,0.055110152810811996,-2.0665354844018324e-11,1.2001272439956665,-0.0036875717341723797,2.7015564264691664e-10,0.22540524912033746,4.031838103668484e-09,121.439,0.0,3.03,0.1125,hover
42.013,0.053026244044303894,5.370847863672701e-11,1.2010047435760498,-0.01929840072980249,-1.4102000817017124e-10,-0.1515903292416783,-3.992757354588383e-09,69.337,-0.0,2.94,0.1059,hover
42.116,0.033285047858953476,-7.299341686639593e-11,1.201363205909729,-0.05058851093029663,-1.273703364995129e-10,-0.3031764499828438,1.3225453582698589e-10,9.073,0.0,2.546,0.0794,hover
42.235,0.01947205513715744,2.8389813069851222e-11,1.2027112245559692,-0.012578442692696593,3.8834191938378317e-10,0.31880692952834355,4.325502385066755e-09,94.452,0.0,2.067,0.0524,hover
42.36,0.009897981770336628,2.528972690984954e-11,1.2029192447662354,-0.0392063520846879,-3.5568878571475866e-10,-0.212779768016161,-5.945441622817885e-09,13.259,-0.0,1.49,0.0272,hover
42.484,-0.005564776249229908,-3.7741976210980965e-11,1.202892541885376,-0.017732789274220433,1.9961419669882908e-10,0.1734348981442622,4.484999394099568e-09,54.519,0.0,1.973,0.0477,hover
42.611,-0.014189990237355232,3.796019401591799e-11,1.202835202217102,-0.025166897103070254,-7.505020910256424e-11,-0.058762385259280285,-2.171065580738272e-09,19.727,-0.0,1.64,0.0329,hover
42.735,-0.023626146838068962,-1.3413321668653833e-11,1.2027143239974976,-0.03073015250250925,-1.5808849455131178e-10,-0.04483174993590246,-6.69167848867723e-10,8.309,-0.0,1.312,0.0211,hover
42.838,-0.031013719737529755,-5.92436776719607e-12,1.2026069164276123,-0.00863987952466654,1.7777728074290279e-10,0.21474719219024457,3.2650674923563526e-09,47.377,0.0,1.47,0.0265,hover
42.953,-0.03464134782552719,3.087856706440739e-11,1.2023735046386719,-0.016234349459332196,-5.583337611665392e-11,-0.06581277685804583,-2.0244422802150946e-09,10.188,-0.0,0.757,0.007,hover
43.077,-0.04166587442159653,-1.6826534957048445e-11,1.202099084854126,-0.01575192436568368,-5.861673993384542e-11,0.0038882947854508476,-2.2433615412807228e-11,12.154,-0.0,1.486,0.027,hover
43.202,-0.04555634781718254,-2.7431032705721448e-12,1.201926589012146,-0.008378643542488146,1.0596284591905179e-10,0.059261707364462894,1.3227852687091722e-09,21.397,0.0,1.136,0.0158,hover
43.305,-0.047918301075696945,1.802280547025248e-11,1.2017208337783813,-0.0050147064029931,-3.1120071797137336e-11,0.03265575238837911,-1.330745977699329e-09,19.95,-0.0,1.502,0.0276,hover
43.42,-0.05213673412799835,-1.0445188984575804e-11,1.2014484405517578,-0.004569999873616332,1.4014722542132458e-11,0.003856196169905797,3.913786049071459e-10,14.258,0.0,1.254,0.0193,hover
43.545,-0.051420908421278,1.641945086838792e-11,1.2012211084365845,0.0006118789315194478,2.389798428581138e-12,0.041381862665567856,-9.283524977231183e-11,22.684,-0.0,1.352,0.0224,hover
43.67,-0.05335714668035507,-1.269492410499451e-11,1.2010256052017212,-0.0022281892597568933,-6.54273727207151e-11,-0.022807986120309723,-5.44625337885528e-10,12.548,-0.0,0.737,0.0066,hover
43.794,-0.05288732051849365,-2.2721100174927233e-12,1.2009241580963135,0.011298805475181035,1.0022110094897615e-10,0.10864054221291228,1.3303871516808983e-09,36.17,0.0,1.434,0.0252,hover
43.897,-0.048109039664268494,2.802205516239109e-11,1.2007832527160645,0.012058299034776331,-3.6097427130560026e-12,0.007381144297995931,-1.0090808934054625e-09,32.14,-0.0,1.358,0.0226,hover
44.0,-0.043597202748060226,-9.469409631424064e-12,1.2005093097686768,0.006732530891863147,-7.581196954894891e-11,-0.0515970032681804,-6.995082087790013e-10,25.415,-0.0,1.437,0.0253,hover
44.124,-0.04174071550369263,-1.0246340234609796e-11,1.2003439664840698,-0.001014675945038719,4.861866118010083e-11,-0.06286823851063408,1.0097490276677409e-09,19.272,0.0,1.111,0.0151,hover
44.226,-0.03640100732445717,1.4528032422911341e-11,1.200279712677002,0.03009429201469357,1.0904103141199498e-10,0.3037353841823919,5.899395910320974e-10,86.05,0.0,1.4,0.024,hover
44.341,-0.02439720556139946,3.8226390802753585e-11,1.199992060661316,0.025161076336978935,-4.134062883667489e-11,-0.043013541900327634,-1.3112031313302672e-09,57.573,-0.0,1.944,0.0463,hover
44.443,-0.017885280773043633,-3.442091750516241e-11,1.1993881464004517,0.01699291169635288,-1.0840764050283198e-10,-0.07951429021483956,-6.52874429457645e-10,51.92,-0.0,1.68,0.0346,hover
44.559,-0.006601197645068169,1.8571248705523402e-11,1.1990846395492554,0.01224770676338785,4.735599933003024e-11,-0.04113107171732914,1.3501472605345315e-09,60.441,0.0,2.202,0.0594,hover
44.682,0.01049200538545847,1.8729974168851804e-11,1.198637843132019,0.05577446427169633,6.402278880626683e-11,0.35218403004010257,1.3485445325098103e-10,148.462,0.0,2.973,0.1083,hover
44.807,0.023242946714162827,-2.0072837489393258e-11,1.1974228620529175,0.01612142659716061,-2.3237444954249464e-10,-0.3192832780716248,-2.3865682787813633e-09,60.505,-0.0,2.518,0.0777,hover
44.909,0.0385185144841671,1.0271732249489407e-11,1.1969988346099854,0.029251445084670587,2.0029854511009865e-10,0.12812550529459113,4.222114852307462e-09,128.401,0.0,2.716,0.0904,hover
