t_abs,x,y,z
0.028,1.517147421836853,0.03493143618106842,1.4735993146896362
0.145,1.5009926557540894,0.03515071049332619,1.4711058139801025
0.269,1.4851409196853638,0.035131439566612244,1.468703031539917
0.371,1.4695847034454346,0.034874752163887024,1.4663958549499512
0.499,1.4543116092681885,0.034386035054922104,1.464188575744629
0.622,1.4393051862716675,0.03367476165294647,1.4620847702026367
0.747,1.4196771383285522,0.03240370377898216,1.4594451189041138
0.87,1.4052122831344604,0.031230803579092026,1.4575918912887573
0.995,1.3862212896347046,0.029413491487503052,1.455291509628296
1.097,1.3721671104431152,0.027890855446457863,1.453694224357605
1.207,1.3628736734390259,0.02681378275156021,1.4526898860931396
1.311,1.349029302597046,0.025124840438365936,1.4512728452682495
1.429,1.3307121992111206,0.022778300568461418,1.4495476484298706
1.532,1.3170521259307861,0.020982766523957253,1.4483730792999268
1.645,1.3034361600875854,0.01918644830584526,1.4472968578338623
1.769,1.2853189706802368,0.016834385693073273,1.4460084438323975
1.902,1.2717390060424805,0.015133662149310112,1.4451465606689453
2.018,1.2581510543823242,0.013511499390006065,1.4443691968917847
2.12,1.2400027513504028,0.011503947898745537,1.4434560537338257
2.233,1.2309095859527588,0.010577798821032047,1.4430491924285889
2.344,1.21267569065094,0.00890086218714714,1.4423282146453857
2.467,1.19895339012146,0.007808770053088665,1.4418632984161377
2.593,1.180588960647583,0.006587223615497351,1.4413357973098755
2.714,1.1667630672454834,0.005851960740983486,1.4410042762756348
2.817,1.1528922319412231,0.005272608250379562,1.440723180770874
2.933,1.1389774084091187,0.004847041796892881,1.4404886960983276
3.056,1.1203588247299194,0.00451057031750679,1.4402424097061157
3.18,1.1063485145568848,0.004422122612595558,1.4401028156280518
3.282,1.0923010110855103,0.004463862627744675,1.4399986267089844
3.399,1.0782190561294556,0.004624753259122372,1.4399266242980957
3.523,1.0593936443328857,0.0050031207501888275,1.4398759603500366
3.646,1.0452405214309692,0.005392296239733696,1.4398683309555054
3.778,1.0310605764389038,0.0058560497127473354,1.4398839473724365
3.881,1.012115240097046,0.0065652369521558285,1.4399362802505493
4.003,0.9978787302970886,0.007146390620619059,1.439996361732483
4.129,0.9836198687553406,0.007753917947411537,1.4400718212127686
4.253,0.9645743370056152,0.00858138408511877,1.4401929378509521
4.377,0.9502654671669006,0.009198418818414211,1.4402962923049927
4.48,0.9359356164932251,0.009799256920814514,1.44040846824646
4.595,0.9215847253799438,0.010373236611485481,1.4405279159545898
4.718,0.9024173021316528,0.011080573312938213,1.4406956434249878
4.844,0.8880169987678528,0.011557216756045818,1.4408258199691772
4.946,0.8735955357551575,0.011980338022112846,1.4409582614898682
5.048,0.8591529726982117,0.012344693765044212,1.4410918951034546
5.177,0.8446897864341736,0.01264627929776907,1.4412257671356201
5.293,0.8253746628761292,0.012946073897182941,1.4414029121398926
5.416,0.8108665943145752,0.013092277571558952,1.4415338039398193
5.54,0.7963414192199707,0.013170745223760605,1.4416624307632446
5.664,0.7769507169723511,0.013171505182981491,1.4418290853500366
5.799,0.757537305355072,0.013057739473879337,1.4419896602630615
5.918,0.7381066679954529,0.012836337089538574,1.442143201828003
6.04,0.723525881767273,0.012604988180100918,1.4422533512115479
6.144,0.7089412808418274,0.012322543188929558,1.4423589706420898
6.272,0.689493715763092,0.011874918825924397,1.4424926042556763
6.396,0.6700500249862671,0.01135754119604826,1.4426177740097046
6.499,0.6554733514785767,0.010931582190096378,1.4427059888839722
6.611,0.6457597017288208,0.010632677935063839,1.4427621364593506
6.738,0.6263450980186462,0.010006572119891644,1.4428681135177612
6.862,0.6069509387016296,0.009353762492537498,1.4429656267166138
6.965,0.5924209356307983,0.008854372426867485,1.4430333375930786
7.067,0.58274245262146,0.008519679307937622,1.4430760145187378
7.188,0.5634062886238098,0.007852604612708092,1.4431551694869995
7.315,0.5489230751991272,0.007359680719673634,1.4432095289230347
7.439,0.5296379923820496,0.006720271427184343,1.4432753324508667
7.564,0.515193521976471,0.006258917506784201,1.4433200359344482
7.687,0.500765323638916,0.0058167967945337296,1.4433609247207642
7.82,0.4863527715206146,0.005396691616624594,1.4433979988098145
7.923,0.4719550907611847,0.005000927019864321,1.4434316158294678
8.026,0.4575713276863098,0.004631367512047291,1.4434616565704346
8.136,0.4432002902030945,0.004289418458938599,1.4434884786605835
8.239,0.42884066700935364,0.0039760353974998,1.4435124397277832
8.356,0.41449108719825745,0.0036917366087436676,1.4435334205627441
8.479,0.4001500606536865,0.0034366215113550425,1.443551778793335
8.604,0.3810393214225769,0.0031412963289767504,1.4435724020004272
8.728,0.3667122721672058,0.0029524797573685646,1.4435852766036987
8.831,0.3476145267486572,0.002742164535447955,1.4435991048812866
8.933,0.33806684613227844,0.002653801813721657,1.443604826927185
9.056,0.31897175312042236,0.0025080947671085596,1.443613886833191
9.179,0.30464914441108704,0.002423639642074704,1.443618893623352
9.282,0.29032406210899353,0.002358041238039732,1.4436224699020386
9.4,0.2759954631328583,0.0023089468013495207,1.44362473487854
9.525,0.26166242361068726,0.002273877151310444,1.443625807762146
9.65,0.24254342913627625,0.0022444764617830515,1.443625807762146
9.773,0.2234136164188385,0.002229159465059638,1.4436242580413818
9.884,0.21384431421756744,0.0022247955203056335,1.4436229467391968
10.003,0.19948461651802063,0.002220128197222948,1.4436205625534058
10.126,0.1851160079240799,0.0022152503952383995,1.4436912536621094
10.25,0.17075301706790924,0.0022080596536397934,1.443922996520996
10.373,0.15645426511764526,0.002198403235524893,1.4442005157470703
10.495,0.1376371532678604,0.002183436881750822,1.4445319175720215
10.618,0.1283983737230301,0.0021759080700576305,1.4446735382080078
10.721,0.11482946574687958,0.002165383193641901,1.444861650466919
10.836,0.10167998820543289,0.002156195230782032,1.4450225830078125
10.962,0.08491605520248413,0.0021460086572915316,1.4451854228973389
11.085,0.07298920303583145,0.0021395001094788313,1.4452589750289917
11.187,0.058030541986227036,0.0021315529011189938,1.4452838897705078
11.289,0.050980594009160995,0.0021276557818055153,1.4452643394470215
11.411,0.03778998926281929,0.002119629643857479,1.445162296295166
11.513,0.028730368241667747,0.002113193506374955,1.4450328350067139
11.618,0.020419614389538765,0.0021062411833554506,1.4448599815368652
11.735,0.012887519784271717,0.00209865253418684,1.444645881652832
11.867,0.0061623714864254,0.002090324182063341,1.4443928003311157
11.983,0.0002706785744521767,0.0020811748690903187,1.4441028833389282
12.085,-0.006246248725801706,0.0020676162093877792,1.443663239479065
12.2,-0.008916042745113373,0.0020602461881935596,1.4434224367141724
12.325,-0.013046802021563053,0.002044360153377056,1.4429082870483398
12.428,-0.014496959745883942,0.002035883953794837,1.4426466226577759
12.543,-0.016161594539880753,0.0020180600695312023,1.4421473741531372
12.667,-0.016353899613022804,0.0020041526295244694,1.4418081045150757
12.793,-0.015693219378590584,0.0019900186453014612,1.4414997100830078
12.895,-0.014813609421253204,0.0019805696792900562,1.4413087368011475
12.997,-0.012900088913738728,0.0019664866849780083,1.441041111946106
13.12,-0.009396043606102467,0.001948103541508317,1.4407187700271606
13.222,-0.00619466882199049,0.0019347764318808913,1.440506935119629
13.336,-0.0026279352605342865,0.001921977149322629,1.440326452255249
13.46,0.0011903295526281,0.0019098278135061264,1.4401813745498657
13.585,0.005149202421307564,0.0018984528724104166,1.4400744438171387
13.687,0.00914314016699791,0.001887973863631487,1.4400060176849365
13.79,0.013073986396193504,0.0018785023130476475,1.4399745464324951
13.893,0.01685258559882641,0.0018701332155615091,1.4399765729904175
14.02,0.020400069653987885,0.0018629407277330756,1.4400081634521484
14.146,0.02465544082224369,0.0018552665133029222,1.4400874376296997
14.27,0.028254345059394836,0.0018498303834348917,1.4401980638504028
14.394,0.030468620359897614,0.001847216160967946,1.440294861793518
14.518,0.03224130719900131,0.001845823135226965,1.4403985738754272
14.62,0.033901993185281754,0.0018457727273926139,1.4405417442321777
14.724,0.03462434187531471,0.0018469940405339003,1.440649390220642
14.846,0.03491874411702156,0.001850123517215252,1.4407901763916016
14.969,0.03450632095336914,0.0018547287909314036,1.4409266710281372
15.072,0.03378327935934067,0.0018589770188555121,1.4410263299942017
15.189,0.03234831616282463,0.0018654537852853537,1.4411567449569702
15.292,0.030980201438069344,0.0018707485869526863,1.4412540197372437
15.395,0.02995685674250126,0.0018744133412837982,1.4413189888000488
15.511,0.028292838484048843,0.0018800176912918687,1.4414170980453491
15.635,0.02591274492442608,0.0018875004025176167,1.441550374031067
15.76,0.023455806076526642,0.0018947492353618145,1.4416866302490234
15.884,0.021031716838479042,0.0019015277503058314,1.4418256282806396
16.009,0.01873837597668171,0.0019076388562098145,1.4419658184051514
16.111,0.017154807224869728,0.0019116901094093919,1.4420706033706665
16.214,0.015720827504992485,0.0019152300665155053,1.442173957824707
16.336,0.014459720812737942,0.0019182247342541814,1.442275047302246
16.438,0.013388981111347675,0.0019206542056053877,1.4423727989196777
16.552,0.012520314194262028,0.0019225120777264237,1.4424664974212646
16.673,0.011859782040119171,0.0019238045206293464,1.4425554275512695
16.777,0.011408064514398575,0.0019245491130277514,1.4426391124725342
16.879,0.011220981366932392,0.001924754586070776,1.4426919221878052
16.981,0.011109208688139915,0.0019245155854150653,1.4427903890609741
17.084,0.011177255772054195,0.0019240968395024538,1.442836046218872
17.186,0.011421329341828823,0.0019231352489441633,1.4429001808166504
17.31,0.011819410137832165,0.0019218213856220245,1.4429595470428467
17.413,0.012553969398140907,0.0019196196226403117,1.4430320262908936
17.542,0.013228642754256725,0.0019177069189026952,1.4430818557739258
17.665,0.013983364216983318,0.001915635191835463,1.4431283473968506
17.791,0.015073265880346298,0.001912724575959146,1.4431854486465454
17.914,0.015923330560326576,0.0019105010433122516,1.4432250261306763
18.039,0.017058435827493668,0.0019075771560892463,1.4432741403579712
18.163,0.018151884898543358,0.0019047962268814445,1.4433189630508423
18.287,0.018919341266155243,0.0019028587266802788,1.443350076675415
18.411,0.019844235852360725,0.0019005315843969584,1.4433881044387817
18.513,0.020448731258511543,0.0018990091048181057,1.4434138536453247
18.617,0.020966803655028343,0.0018976967548951507,1.4434374570846558
18.734,0.021261058747768402,0.0018969442462548614,1.4434517621994019
18.837,0.021622883155941963,0.001896003377623856,1.4434714317321777
18.939,0.021887876093387604,0.0018952889367938042,1.4434887170791626
19.058,0.022056717425584793,0.0018947971984744072,1.443503737449646
19.161,0.022132324054837227,0.001894520246423781,1.443516731262207
19.264,0.022119620814919472,0.0018944459734484553,1.4435278177261353
19.367,0.022025272250175476,0.0018945588963106275,1.4435369968414307
19.492,0.021857405081391335,0.0018948407378047705,1.443544626235962
19.616,0.021625306457281113,0.0018952712416648865,1.443550705909729
19.718,0.021233540028333664,0.0018960383022204041,1.443556785583496
19.834,0.020891929045319557,0.0018967288779094815,1.4435601234436035
19.957,0.020393582060933113,0.0018977592699229717,1.4435632228851318
20.06,0.02000170201063156,0.0018985848873853683,1.443564772605896
20.176,0.01960582844913006,0.0018994319252669811,1.4435656070709229
20.281,0.01921566016972065,0.0019002798944711685,1.4435659646987915
20.384,0.018840055912733078,0.0019011106342077255,1.443565845489502
20.486,0.0186016783118248,0.001901646493934095,1.4435656070709229
20.59,0.01826731115579605,0.0019024125067517161,1.443564772605896
20.693,0.017966024577617645,0.0019031218253076077,1.4435635805130005
20.796,0.017785953357815742,0.0019035578006878495,1.443562626838684
20.917,0.017480546608567238,0.0019043300999328494,1.4435603618621826
21.02,0.01730218157172203,0.0019048150861635804,1.4435582160949707
21.122,0.017208125442266464,0.0019050913397222757,1.4435566663742065
21.225,0.017079714685678482,0.0019055285956710577,1.4435533285140991
21.352,0.01703444868326187,0.0019057563040405512,1.44355046749115
21.456,0.01703072525560856,0.001905900426208973,1.4435476064682007
21.559,0.017065633088350296,0.0019059651531279087,1.4435443878173828
21.661,0.017108609899878502,0.0019059666665270925,1.443542242050171
21.787,0.01723632402718067,0.0019058787729591131,1.443537950515747
21.91,0.017410611733794212,0.0019056838937103748,1.4435336589813232
22.013,0.017564881592988968,0.001905479351989925,1.4435304403305054
22.128,0.017733702436089516,0.0019052341813221574,1.4435272216796875
22.251,0.017912011593580246,0.001904957345686853,1.4435241222381592
22.377,0.01815604418516159,0.0019045539665967226,1.4435203075408936
22.479,0.01833779364824295,0.0019042365020141006,1.4435174465179443
22.581,0.018455982208251953,0.001904022297821939,1.4435155391693115
22.683,0.01862594671547413,0.0019037026213482022,1.443513035774231
22.808,0.018784111365675926,0.0019033908611163497,1.4435105323791504
22.911,0.018971696496009827,0.0019029980758205056,1.4435075521469116
23.026,0.01909198984503746,0.0019027272937819362,1.4435054063796997
23.128,0.019161539152264595,0.0019025604706257582,1.443503975868225
23.231,0.01924907974898815,0.0019023331115022302,1.4435020685195923
23.351,0.019333621487021446,0.0019020766485482454,1.4434996843338013
23.475,0.01938144490122795,0.001901877112686634,1.4434973001480103
23.6,0.019394060596823692,0.0019017653539776802,1.443495750427246
23.724,0.019382024183869362,0.0019016665173694491,1.4434938430786133
23.827,0.019353359937667847,0.00190162833314389,1.4434924125671387
23.94,0.019325919449329376,0.0019016191363334656,1.4434915781021118
24.043,0.019273795187473297,0.0019016281003132463,1.4434905052185059
24.145,0.01923269033432007,0.0019016480073332787,1.4434897899627686
24.248,0.01913830265402794,0.001901717740111053,1.443488359451294
24.361,0.019059600308537483,0.0019017927115783095,1.4434874057769775
24.484,0.01894855871796608,0.0019019164610654116,1.4434864521026611
24.608,0.01886361837387085,0.0019020227482542396,1.4434857368469238
24.734,0.018779607489705086,0.0019021370681002736,1.4434850215911865
24.836,0.018698453903198242,0.0019022561609745026,1.4434845447540283
24.959,0.018621880561113358,0.0019023772329092026,1.4434841871261597
25.062,0.018574122339487076,0.0019024575594812632,1.4434839487075806
25.184,0.018508370965719223,0.0019025754882022738,1.443483591079712
25.307,0.01843327470123768,0.0019027244998142123,1.4434831142425537
25.431,0.018387358635663986,0.0019028275273740292,1.4434828758239746
25.555,0.018350875005126,0.0019029213581234217,1.4434828758239746
25.68,0.01832401193678379,0.0019030047114938498,1.4434828758239746
25.801,0.018303032964468002,0.0019030979601666331,1.4434828758239746
25.903,0.01829802244901657,0.00190315383952111,1.4434828758239746
26.005,0.018299506977200508,0.0019031843403354287,1.4434828758239746
26.108,0.018313124775886536,0.0019032290438190103,1.4434828758239746
26.212,0.018324771896004677,0.001903243362903595,1.4434828758239746
26.315,0.018347516655921936,0.0019032553536817431,1.4434828758239746
26.439,0.018386108800768852,0.0019032550044357777,1.4434828758239746
26.542,0.018419871106743813,0.001903243362903595,1.4434828758239746
26.657,0.01845655031502247,0.0019032233394682407,1.4434828758239746
26.781,0.018495064228773117,0.0019031959818676114,1.4434828758239746
26.905,0.01853436790406704,0.001903162570670247,1.4434828758239746
27.028,0.0185862947255373,0.001903110765852034,1.4434828758239746
27.149,0.0186237171292305,0.0019030680414289236,1.4434831142425537
27.277,0.018658947199583054,0.001903023337945342,1.4434833526611328
27.401,0.018691308796405792,0.0019029779359698296,1.443483591079712
27.523,0.018720237538218498,0.0019029326504096389,1.4434837102890015
27.626,0.018745293840765953,0.0019028886454179883,1.4434839487075806
27.739,0.018766162917017937,0.0019028466194868088,1.4434840679168701
27.843,0.01878264918923378,0.001902807503938675,1.4434841871261597
27.946,0.018794674426317215,0.0019027716480195522,1.4434843063354492
28.066,0.018802277743816376,0.0019027398666366935,1.4434845447540283
28.168,0.018805595114827156,0.0019027122762054205,1.4434846639633179
28.284,0.01880485936999321,0.001902689109556377,1.4434847831726074
28.387,0.01880037598311901,0.0019026704831048846,1.443484902381897
28.515,0.018789231777191162,0.0019026529043912888,1.4434850215911865
28.639,0.018773140385746956,0.0019026431255042553,1.443485140800476
28.762,0.018763592466711998,0.0019026410300284624,1.443485140800476
28.887,0.018742231652140617,0.0019026421941816807,1.4434852600097656
28.99,0.01871884986758232,0.0019026495283469558,1.4434853792190552
29.105,0.01870068907737732,0.0019026586087420583,1.4434854984283447
29.229,0.018682517111301422,0.0019026701338589191,1.4434856176376343
29.354,0.01865900680422783,0.0019026886438950896,1.4434856176376343
29.478,0.018637148663401604,0.0019027097150683403,1.4434857368469238
29.581,0.018622297793626785,0.0019027264788746834,1.4434858560562134
29.698,0.01860905811190605,0.001902743591926992,1.4434858560562134
29.822,0.018594246357679367,0.0019027662929147482,1.443485975265503
29.946,0.018585437908768654,0.0019027827074751258,1.443485975265503
