round,t1_ms,t2_ms
0,16.5,231.07
1,2.38,38.01
2,15.61,31.11
3,15.59,61.4
4,1.35,24.06
5,21.99,37.43
6,15.93,62.33
7,2.06,63.33
8,15.83,17.65
9,15.68,17.88
10,1.47,84.27
11,1.42,71.87
12,22.25,69.9
13,1.5,25.63
14,1.71,63.29
15,1.86,62.62
16,15.33,31.69
17,1.45,22.67
18,16.04,31.44
19,22.86,70.15
20,1.66,25.92
21,1.82,43.98
22,1.26,25.23
23,1.36,21.02
24,1.28,25.3
25,2.08,37.81
26,16.24,32.23
27,2.2,14.95
28,15.35,40.03
29,13.02,59.84
30,1.92,68.01
31,1.38,47.11
32,1.28,25.53
33,2.33,44.9
34,15.65,30.94
35,15.71,17.58
36,1.86,43.8
37,15.13,30.16
38,15.29,63.35
39,14.47,62.31
40,16.38,40.97
41,13.38,28.73
42,1.79,38.27
43,25.06,27.22
44,2.43,15.12
45,1.27,63.31
46,1.86,15.53
47,1.35,26.95
48,21.27,23.27
49,15.18,39.98
