epoch,time,train/box_loss,train/cls_loss,train/dfl_loss,metrics/precision(B),metrics/recall(B),metrics/mAP50(B),metrics/mAP50-95(B),val/box_loss,val/cls_loss,val/dfl_loss,lr/pg0,lr/pg1,lr/pg2
1,53.7384,2.85527,64.9033,2.30326,0,0,0,0,nan,nan,nan,0.000664151,0.000664151,0.000664151
2,96.7601,3.36776,4.96983,2.68326,0,0,0,0,3.67782,5.11677,2.97429,0.00132423,0.00132423,0.00132423
3,139.105,3.03424,4.57639,2.3544,0,0,0,0,4.54837,7.44045,21.0294,0.00197771,0.00197771,0.00197771
4,181.372,3.06857,4.49134,2.44189,0.00019,0.0354,1e-05,0,3.57946,6.71441,2.98192,0.0019703,0.0019703,0.0019703
5,223.322,2.89566,4.3356,2.32899,0.0032,0.02655,0.00011,2e-05,3.31544,4.80348,2.78619,0.0019604,0.0019604,0.0019604
6,265.752,3.01566,4.41348,2.43702,0.00216,0.0708,0.0002,5e-05,3.1678,4.59395,2.82253,0.0019505,0.0019505,0.0019505
7,308.149,2.93602,4.28616,2.3314,0.00401,0.06195,0.00264,0.00054,3.1686,4.73673,2.73261,0.0019406,0.0019406,0.0019406
8,350.178,2.81043,4.10387,2.25032,0.00203,0.0354,0.00025,4e-05,3.62775,5.62246,2.78356,0.0019307,0.0019307,0.0019307
9,392.05,2.85422,4.14186,2.26648,0.00214,0.0531,0.00222,0.00067,3.09657,4.58721,2.60743,0.0019208,0.0019208,0.0019208
10,434.442,2.95047,4.21127,2.37324,0.00162,0.30973,0.00103,0.00017,3.31406,4.38775,2.77051,0.0019109,0.0019109,0.0019109
11,476.546,2.91468,4.2294,2.35474,0.006,0.20354,0.00447,0.00092,3.28891,4.91142,2.79669,0.001901,0.001901,0.001901
12,519.07,2.96807,4.21818,2.37513,0,0,0,0,3.27346,5.47167,2.77225,0.0018911,0.0018911,0.0018911
13,561.066,2.76369,3.97898,2.26945,0.01478,0.23894,0.01377,0.00338,3.18185,4.5967,2.66114,0.0018812,0.0018812,0.0018812
14,603.559,2.75562,3.97876,2.20505,0.01266,0.38938,0.01276,0.00468,2.92401,4.14898,2.51533,0.0018713,0.0018713,0.0018713
15,646.018,2.7581,3.94787,2.24044,0.00503,0.38938,0.01148,0.00314,3.01807,4.11232,2.55884,0.0018614,0.0018614,0.0018614
16,688.003,2.71535,3.92606,2.16695,0.00585,0.36283,0.02168,0.00568,2.9892,4.10788,2.56886,0.0018515,0.0018515,0.0018515
17,730.424,2.75722,3.98911,2.29111,0.07312,0.02655,0.02346,0.00627,3.01846,4.33754,2.56538,0.0018416,0.0018416,0.0018416
18,773.207,2.82493,3.88836,2.36307,0.09136,0.07965,0.04346,0.01449,3.07529,4.27416,2.52287,0.0018317,0.0018317,0.0018317
19,815.881,2.81386,3.83675,2.24875,0.02911,0.30088,0.01939,0.00526,3.04132,4.17165,2.57189,0.0018218,0.0018218,0.0018218
20,858.026,2.72326,3.86128,2.27403,0.17918,0.06195,0.04562,0.0121,2.86674,3.97651,2.43446,0.0018119,0.0018119,0.0018119
21,899.978,2.67739,3.65875,2.14686,0.01023,0.34513,0.02472,0.00696,2.98153,4.20012,2.56509,0.001802,0.001802,0.001802
22,941.871,2.66314,3.58516,2.20378,0.01205,0.44248,0.05627,0.01979,2.91876,4.01901,2.55703,0.0017921,0.0017921,0.0017921
23,984.115,2.70109,3.7079,2.28069,0.35574,0.02655,0.03041,0.0106,2.98633,5.13793,2.6305,0.0017822,0.0017822,0.0017822
24,1026.29,2.80012,3.87101,2.33421,0.02462,0.31858,0.08553,0.02956,2.92599,4.43392,2.63633,0.0017723,0.0017723,0.0017723
25,1068.77,2.61938,3.67681,2.16694,0.01253,0.50442,0.05948,0.01805,2.86822,3.78317,2.46365,0.0017624,0.0017624,0.0017624
26,1111.21,2.58425,3.46596,2.12797,0.18973,0.06195,0.07327,0.02213,2.81637,3.55717,2.41434,0.0017525,0.0017525,0.0017525
27,1153.22,2.53882,3.56933,2.14165,0.60721,0.12389,0.14313,0.04987,2.73673,3.69696,2.44233,0.0017426,0.0017426,0.0017426
28,1195.8,2.50698,3.39701,2.06424,0.21326,0.14635,0.07033,0.02422,2.88901,3.56912,2.49796,0.0017327,0.0017327,0.0017327
29,1237.88,2.62973,3.50994,2.20469,0.25788,0.15044,0.10825,0.03388,2.68871,3.40375,2.41308,0.0017228,0.0017228,0.0017228
30,1280.12,2.60318,3.47473,2.18197,0.36335,0.16814,0.16263,0.04905,2.76226,3.30803,2.45296,0.0017129,0.0017129,0.0017129
31,1322.18,2.58207,3.35447,2.08188,0.40958,0.17699,0.15735,0.05656,2.7338,3.47597,2.38779,0.001703,0.001703,0.001703
32,1364.56,2.48859,3.34267,2.09337,0.44119,0.15929,0.18533,0.05094,2.81264,3.3865,2.44314,0.0016931,0.0016931,0.0016931
33,1406.56,2.52082,3.34784,2.08774,0.14252,0.04425,0.03143,0.0084,2.9893,3.95578,2.59384,0.0016832,0.0016832,0.0016832
34,1448.6,2.56227,3.28381,2.13247,0.21173,0.04425,0.02779,0.00941,3.22114,5.00564,2.71652,0.0016733,0.0016733,0.0016733
35,1490.63,2.49627,3.21812,2.11527,0.15806,0.16814,0.06947,0.02653,2.81437,3.36121,2.44978,0.0016634,0.0016634,0.0016634
36,1532.74,2.51584,3.19403,2.11437,0.22301,0.14987,0.11816,0.04819,2.60453,3.23901,2.30456,0.0016535,0.0016535,0.0016535
37,1575.3,2.53856,3.20897,2.08191,0.38397,0.25664,0.23958,0.08603,2.80916,3.26073,2.44369,0.0016436,0.0016436,0.0016436
38,1617.75,2.54703,3.38365,2.10448,0.50453,0.20354,0.23262,0.08549,2.68242,3.26198,2.38823,0.0016337,0.0016337,0.0016337
39,1659.8,2.42881,3.26539,2.04235,0.29778,0.21239,0.14966,0.05299,2.71294,3.2615,2.38725,0.0016238,0.0016238,0.0016238
40,1701.93,2.53757,3.3463,2.17497,0.17382,0.19469,0.10615,0.03406,2.67663,3.22003,2.36157,0.0016139,0.0016139,0.0016139
41,1744.03,2.39011,3.14481,2.05257,0.37837,0.23894,0.19842,0.08278,2.6096,3.17932,2.31889,0.001604,0.001604,0.001604
42,1786.19,2.47123,3.25516,2.06475,0.23361,0.24779,0.13733,0.05065,2.69487,3.31688,2.41718,0.0015941,0.0015941,0.0015941
43,1828.58,2.51854,3.21146,2.08438,0.19139,0.12389,0.10126,0.04012,2.68419,3.24966,2.30605,0.0015842,0.0015842,0.0015842
44,1871,2.4788,3.13921,2.07493,0.25167,0.18584,0.11995,0.03337,2.67067,3.3833,2.38668,0.0015743,0.0015743,0.0015743
45,1912.97,2.48057,3.13599,2.06162,0.3175,0.14159,0.11371,0.03286,2.80798,3.79052,2.43957,0.0015644,0.0015644,0.0015644
46,1954.93,2.45696,3.08172,1.99257,0.48958,0.18584,0.22309,0.0701,2.621,3.41555,2.4129,0.0015545,0.0015545,0.0015545
47,1996.71,2.34527,3.07436,1.98747,0.36366,0.23894,0.21037,0.0896,2.52017,3.15335,2.30928,0.0015446,0.0015446,0.0015446
48,2039.16,2.4423,3.12763,2.03082,0.14418,0.0885,0.04556,0.02542,2.76841,3.93529,2.38948,0.0015347,0.0015347,0.0015347
49,2081.52,2.45608,3.0603,2.03263,0.1308,0.23894,0.10805,0.0452,2.59353,3.37095,2.27444,0.0015248,0.0015248,0.0015248
50,2123.81,2.49528,3.05891,2.14983,0.30587,0.25738,0.17791,0.0754,2.54871,3.00351,2.28066,0.0015149,0.0015149,0.0015149
51,2165.92,2.44492,3.08082,2.0044,0.33143,0.32743,0.22008,0.08249,2.46476,2.76805,2.22664,0.001505,0.001505,0.001505
52,2207.82,2.41948,3.06231,2.05293,0.22889,0.25481,0.15064,0.05759,2.47199,3.01236,2.28479,0.0014951,0.0014951,0.0014951
53,2249.94,2.45331,3.00531,2.08605,0.38555,0.33628,0.28086,0.11877,2.45076,2.73976,2.23726,0.0014852,0.0014852,0.0014852
54,2292.4,2.41307,3.00529,1.98718,0.40328,0.28319,0.27106,0.10404,2.59526,2.98999,2.30123,0.0014753,0.0014753,0.0014753
55,2334.45,2.37118,2.97045,1.97263,0.46845,0.31858,0.27871,0.13139,2.39562,2.76759,2.1984,0.0014654,0.0014654,0.0014654
56,2376.93,2.39913,2.996,2.05027,0.51491,0.32743,0.31714,0.12904,2.43646,2.82397,2.23128,0.0014555,0.0014555,0.0014555
57,2419.19,2.40941,2.95906,2.03431,0.2787,0.26549,0.17007,0.05993,2.53167,3.02858,2.24927,0.0014456,0.0014456,0.0014456
58,2461.38,2.31868,3.0055,1.94053,0.40461,0.31858,0.27532,0.13377,2.39894,2.76048,2.17585,0.0014357,0.0014357,0.0014357
59,2503.79,2.2685,2.69294,1.86675,0.32069,0.25664,0.16257,0.0652,2.48525,3.13694,2.21646,0.0014258,0.0014258,0.0014258
60,2546.18,2.42187,2.8661,2.03432,0.44354,0.36283,0.32446,0.13828,2.34641,2.61115,2.18794,0.0014159,0.0014159,0.0014159
61,2588.69,2.3514,2.75709,2.03237,0.40895,0.3184,0.28833,0.10255,2.37077,2.72992,2.19296,0.001406,0.001406,0.001406
62,2630.99,2.2952,2.75202,1.96529,0.46872,0.32012,0.26505,0.11236,2.44849,2.57167,2.24855,0.0013961,0.0013961,0.0013961
63,2673.2,2.40585,2.91388,2.05159,0.29059,0.20354,0.18141,0.07242,2.53712,2.96258,2.2748,0.0013862,0.0013862,0.0013862
64,2715.72,2.37506,2.77525,1.97743,0.41194,0.38053,0.31774,0.14753,2.36534,2.58126,2.16151,0.0013763,0.0013763,0.0013763
65,2758.31,2.29834,2.75809,1.91843,0.44027,0.37168,0.31465,0.13185,2.30116,2.78506,2.11809,0.0013664,0.0013664,0.0013664
66,2800.42,2.34694,2.76609,1.92445,0.49581,0.27852,0.29145,0.12371,2.41633,2.82072,2.18299,0.0013565,0.0013565,0.0013565
67,2842.49,2.24993,2.69942,1.89186,0.37199,0.26549,0.2216,0.09221,2.38053,2.83542,2.20097,0.0013466,0.0013466,0.0013466
68,2884.67,2.34804,2.7314,1.93707,0.38069,0.34513,0.28328,0.13249,2.31033,2.69496,2.12981,0.0013367,0.0013367,0.0013367
69,2927.02,2.38049,2.86919,2.01737,0.45809,0.33628,0.34295,0.16111,2.31879,2.56427,2.10073,0.0013268,0.0013268,0.0013268
70,2969.56,2.35732,2.78489,2.04938,0.37165,0.37168,0.28615,0.11861,2.44077,2.61592,2.22546,0.0013169,0.0013169,0.0013169
71,3011.82,2.21106,2.60435,1.92106,0.36072,0.34513,0.25934,0.11008,2.36536,2.64684,2.16769,0.001307,0.001307,0.001307
72,3053.78,2.23403,2.62256,1.96655,0.37781,0.45678,0.3208,0.12884,2.4341,2.56161,2.18228,0.0012971,0.0012971,0.0012971
73,3095.82,2.24982,2.73541,1.95818,0.48262,0.38938,0.32016,0.14054,2.30646,2.47275,2.13492,0.0012872,0.0012872,0.0012872
74,3137.85,2.24625,2.53798,1.94655,0.39879,0.37168,0.33053,0.14432,2.3084,2.40428,2.13095,0.0012773,0.0012773,0.0012773
75,3179.93,2.24255,2.6725,1.92166,0.52256,0.38938,0.37329,0.17554,2.33076,2.57158,2.1422,0.0012674,0.0012674,0.0012674
76,3222.45,2.18022,2.64349,1.85721,0.47837,0.37168,0.35993,0.14217,2.38657,2.43126,2.13725,0.0012575,0.0012575,0.0012575
77,3264.79,2.19671,2.55389,1.8794,0.5949,0.42889,0.43491,0.20161,2.26986,2.40724,2.08416,0.0012476,0.0012476,0.0012476
78,3307.16,2.20135,2.51501,1.91439,0.43276,0.34513,0.30022,0.13261,2.42655,2.39588,2.16417,0.0012377,0.0012377,0.0012377
79,3349.32,2.28815,2.66031,1.96138,0.34249,0.30088,0.24236,0.09765,2.42836,2.79998,2.19004,0.0012278,0.0012278,0.0012278
80,3391.64,2.19932,2.57212,1.83148,0.543,0.35398,0.3712,0.17571,2.26768,2.37953,2.13363,0.0012179,0.0012179,0.0012179
81,3433.77,2.2325,2.71343,1.93372,0.4313,0.31858,0.26978,0.10713,2.34325,2.90827,2.1331,0.001208,0.001208,0.001208
82,3476.01,2.22723,2.52507,1.86101,0.65463,0.41937,0.46201,0.21289,2.29608,2.20827,2.07217,0.0011981,0.0011981,0.0011981
83,3518.59,2.17886,2.4413,1.87508,0.54052,0.39823,0.3734,0.16305,2.21746,2.33817,2.09404,0.0011882,0.0011882,0.0011882
84,3560.94,2.15175,2.55771,1.91323,0.50015,0.44248,0.39451,0.19198,2.24756,2.23109,2.10992,0.0011783,0.0011783,0.0011783
85,3603.07,2.16049,2.51338,1.90736,0.5818,0.38938,0.38614,0.1895,2.23527,2.53989,2.1193,0.0011684,0.0011684,0.0011684
86,3645.4,2.2298,2.56528,1.89758,0.47891,0.43922,0.39428,0.1988,2.19392,2.36596,2.04304,0.0011585,0.0011585,0.0011585
87,3687.38,2.13061,2.41796,1.81592,0.35082,0.36283,0.26008,0.10416,2.27278,2.48404,2.06863,0.0011486,0.0011486,0.0011486
88,3729.7,2.30747,2.71569,2.02616,0.48773,0.43816,0.38964,0.16691,2.29224,2.32085,2.08772,0.0011387,0.0011387,0.0011387
89,3771.98,2.07988,2.33129,1.82261,0.60181,0.40708,0.44157,0.182,2.33761,2.3115,2.11491,0.0011288,0.0011288,0.0011288
90,3814.09,2.11316,2.3984,1.84851,0.51244,0.42478,0.34334,0.14163,2.37501,2.36202,2.13193,0.0011189,0.0011189,0.0011189
91,3856.37,2.20886,2.48364,1.85734,0.65453,0.33628,0.38968,0.18965,2.23116,2.32442,2.0971,0.001109,0.001109,0.001109
92,3898.5,2.1615,2.48881,1.88175,0.6163,0.44065,0.48145,0.23079,2.16195,2.14907,2.06812,0.0010991,0.0010991,0.0010991
93,3940.98,2.1875,2.46465,1.87052,0.53508,0.38938,0.40628,0.21552,2.2387,2.41372,2.11717,0.0010892,0.0010892,0.0010892
94,3983.24,2.07723,2.31398,1.79839,0.47915,0.49558,0.47287,0.2146,2.27294,2.12437,2.10099,0.0010793,0.0010793,0.0010793
95,4025.65,2.20086,2.54859,1.91531,0.60321,0.41707,0.46763,0.22837,2.20939,2.2138,2.0475,0.0010694,0.0010694,0.0010694
96,4067.72,2.11164,2.2866,1.80259,0.5201,0.39324,0.35138,0.15134,2.27078,2.45357,2.10418,0.0010595,0.0010595,0.0010595
97,4109.98,2.12846,2.45615,1.85474,0.75787,0.45133,0.45668,0.21746,2.18348,2.15929,2.04333,0.0010496,0.0010496,0.0010496
98,4152.36,2.10408,2.2598,1.81573,0.49793,0.46519,0.43819,0.20579,2.18411,2.19743,2.06214,0.0010397,0.0010397,0.0010397
99,4194.56,2.144,2.21742,1.88569,0.51193,0.45485,0.39438,0.16608,2.26409,2.2541,2.09156,0.0010298,0.0010298,0.0010298
100,4236.85,2.0798,2.31763,1.71966,0.54139,0.46903,0.4069,0.20448,2.20301,2.20236,2.04377,0.0010199,0.0010199,0.0010199
101,4279.05,2.2061,2.44901,1.93632,0.39385,0.46903,0.27878,0.12077,2.20231,2.44456,2.04189,0.00101,0.00101,0.00101
102,4321.19,2.11904,2.23772,1.80221,0.60166,0.48122,0.49719,0.24065,2.23218,2.12826,2.05323,0.0010001,0.0010001,0.0010001
103,4363.46,2.14298,2.38193,1.93845,0.40706,0.33628,0.29037,0.13944,2.3335,2.65947,2.1239,0.0009902,0.0009902,0.0009902
104,4405.82,2.09068,2.29551,1.82239,0.58329,0.46903,0.48044,0.2315,2.20732,2.21957,2.07751,0.0009803,0.0009803,0.0009803
105,4447.96,2.14514,2.22898,1.844,0.56399,0.53982,0.47924,0.24067,2.16437,2.0349,2.033,0.0009704,0.0009704,0.0009704
106,4490.7,2.09308,2.27161,1.80092,0.6501,0.46038,0.47013,0.22444,2.18101,2.18951,2.04808,0.0009605,0.0009605,0.0009605
107,4532.98,2.17839,2.36987,1.81562,0.61618,0.53097,0.50281,0.23599,2.16821,2.12269,2.01225,0.0009506,0.0009506,0.0009506
108,4575.31,2.16553,2.3537,1.89506,0.59983,0.43363,0.4522,0.21957,2.17152,2.31911,2.01318,0.0009407,0.0009407,0.0009407
109,4617.47,2.02949,2.20695,1.82297,0.66736,0.47788,0.50657,0.23874,2.19847,2.04458,2.04427,0.0009308,0.0009308,0.0009308
110,4659.57,2.07021,2.29079,1.86278,0.48935,0.47493,0.36943,0.16868,2.22402,2.2427,2.02859,0.0009209,0.0009209,0.0009209
111,4701.76,2.07251,2.12143,1.80215,0.65588,0.53975,0.54404,0.27655,2.10537,1.92069,1.99423,0.000911,0.000911,0.000911
112,4744.45,2.04253,2.22378,1.82148,0.64949,0.52476,0.49744,0.2511,2.1404,1.99776,2.01717,0.0009011,0.0009011,0.0009011
113,4786.75,1.98542,2.15459,1.73902,0.65691,0.45133,0.45248,0.22911,2.19677,2.08008,2.00345,0.0008912,0.0008912,0.0008912
114,4829.14,2.14139,2.27522,1.85355,0.62762,0.49224,0.49738,0.24664,2.18676,2.05445,2.03039,0.0008813,0.0008813,0.0008813
115,4871.63,2.08474,2.28281,1.85466,0.56025,0.52212,0.47725,0.23866,2.02233,1.98363,1.93485,0.0008714,0.0008714,0.0008714
116,4914,2.06894,2.2255,1.73635,0.48923,0.41593,0.41543,0.20659,2.0892,2.1558,1.9445,0.0008615,0.0008615,0.0008615
117,4956.31,1.97251,2.15179,1.73184,0.65188,0.49558,0.5129,0.25475,2.15719,2.0579,1.97847,0.0008516,0.0008516,0.0008516
118,4998.57,2.08426,2.19177,1.80779,0.75364,0.46023,0.5392,0.28213,2.14085,2.06093,1.96576,0.0008417,0.0008417,0.0008417
119,5040.88,1.94098,2.227,1.70188,0.51945,0.50442,0.49506,0.23935,2.13879,2.10079,1.96502,0.0008318,0.0008318,0.0008318
120,5083.47,2.09157,2.28713,1.78774,0.59473,0.53246,0.54602,0.27408,2.12777,2.02312,1.99754,0.0008219,0.0008219,0.0008219
121,5125.82,2.11777,2.21624,1.86913,0.64033,0.47788,0.51817,0.24556,2.08978,1.90609,1.95459,0.000812,0.000812,0.000812
122,5168.11,1.99587,2.29641,1.7682,0.56717,0.46018,0.46315,0.21554,2.14059,2.09594,1.99306,0.0008021,0.0008021,0.0008021
123,5210.26,2.02225,2.14994,1.75189,0.59267,0.5537,0.50374,0.24689,2.02756,1.91503,1.92779,0.0007922,0.0007922,0.0007922
124,5252.59,2.05104,2.26228,1.79639,0.57072,0.49416,0.47629,0.23025,2.09944,2.00132,1.96262,0.0007823,0.0007823,0.0007823
125,5294.75,1.97667,2.15866,1.76513,0.68665,0.52212,0.54404,0.27552,2.10084,1.93469,1.96173,0.0007724,0.0007724,0.0007724
126,5337.29,2.07838,2.27007,1.81954,0.72834,0.56637,0.5669,0.30021,2.06288,1.89064,1.94862,0.0007625,0.0007625,0.0007625
127,5379.96,2.03129,2.11612,1.75357,0.64516,0.54867,0.57321,0.28396,2.08748,1.91276,1.95015,0.0007526,0.0007526,0.0007526
128,5422.27,2.01839,2.18496,1.73572,0.60086,0.58407,0.5188,0.26625,2.03977,1.98923,1.91442,0.0007427,0.0007427,0.0007427
129,5464.57,2.09057,2.1605,1.85086,0.60686,0.51912,0.55377,0.273,2.07938,1.81459,1.95101,0.0007328,0.0007328,0.0007328
130,5506.88,2.0188,2.1693,1.74553,0.66916,0.5728,0.56257,0.28175,2.07013,1.88882,1.94342,0.0007229,0.0007229,0.0007229
131,5549,1.99995,2.10228,1.78395,0.64878,0.50442,0.55572,0.27623,2.05881,1.87584,1.93038,0.000713,0.000713,0.000713
132,5591.58,1.97435,2.05802,1.71845,0.61835,0.53982,0.52241,0.26895,2.01473,1.93345,1.88749,0.0007031,0.0007031,0.0007031
133,5633.89,1.89524,2.00019,1.67131,0.65753,0.55752,0.54866,0.26968,2.0554,1.90589,1.90475,0.0006932,0.0006932,0.0006932
134,5676.12,2.00636,2.07094,1.73759,0.64687,0.55118,0.56554,0.27092,2.0603,1.82045,1.90988,0.0006833,0.0006833,0.0006833
135,5718.37,1.94726,2.02379,1.70813,0.66585,0.56432,0.5658,0.28541,2.06028,1.81104,1.94594,0.0006734,0.0006734,0.0006734
136,5760.74,2.0122,2.06902,1.72087,0.72333,0.50903,0.56154,0.28414,2.02072,1.88091,1.91027,0.0006635,0.0006635,0.0006635
137,5803.01,2.00453,2.09866,1.70831,0.65071,0.56054,0.55004,0.27693,2.02206,1.90944,1.8938,0.0006536,0.0006536,0.0006536
138,5845.61,1.97071,2.00816,1.70351,0.75487,0.5723,0.6046,0.28274,2.03601,1.8229,1.90986,0.0006437,0.0006437,0.0006437
139,5887.97,1.96981,1.9654,1.66451,0.75902,0.53097,0.60144,0.3165,1.97876,1.74165,1.89264,0.0006338,0.0006338,0.0006338
140,5930.48,1.87645,1.8922,1.71877,0.74959,0.52983,0.59989,0.28286,2.06737,1.74771,1.92649,0.0006239,0.0006239,0.0006239
141,5972.72,1.96576,2.02752,1.72555,0.6631,0.54867,0.56639,0.27791,2.04606,1.78325,1.90806,0.000614,0.000614,0.000614
142,6014.88,1.93084,1.96306,1.6834,0.7084,0.56637,0.54815,0.27188,2.00003,1.84544,1.852,0.0006041,0.0006041,0.0006041
143,6057.11,1.99413,2.06987,1.70811,0.62497,0.56637,0.55219,0.28162,1.95211,1.79832,1.83779,0.0005942,0.0005942,0.0005942
144,6099.55,1.9322,1.94117,1.66428,0.8006,0.55752,0.60173,0.30184,1.96933,1.75494,1.88164,0.0005843,0.0005843,0.0005843
145,6141.78,1.9295,2.01594,1.71467,0.77017,0.53381,0.58571,0.27775,2.051,1.82691,1.91575,0.0005744,0.0005744,0.0005744
146,6184.09,1.94398,1.99912,1.74569,0.71193,0.53982,0.57536,0.28892,1.95143,1.72313,1.8461,0.0005645,0.0005645,0.0005645
147,6226.33,2.00114,1.96765,1.70176,0.71335,0.60177,0.62056,0.30519,1.96202,1.70012,1.85625,0.0005546,0.0005546,0.0005546
148,6268.72,1.9911,2.04403,1.71844,0.60004,0.61062,0.58161,0.2851,1.94893,1.70094,1.85158,0.0005447,0.0005447,0.0005447
149,6310.97,1.92076,1.86644,1.62031,0.68635,0.58407,0.59104,0.28789,1.99031,1.7413,1.87067,0.0005348,0.0005348,0.0005348
150,6353.4,1.94507,1.99191,1.73371,0.68404,0.479,0.52551,0.25558,2.11065,1.94087,2.01122,0.0005249,0.0005249,0.0005249
151,6395.55,1.86792,1.80045,1.66877,0.81971,0.56333,0.63522,0.31465,1.96403,1.75033,1.87581,0.000515,0.000515,0.000515
152,6437.99,1.90568,1.89632,1.66831,0.80343,0.57522,0.63682,0.3101,1.96348,1.7444,1.85225,0.0005051,0.0005051,0.0005051
153,6480.13,1.86894,1.87827,1.59901,0.69057,0.5925,0.60621,0.302,1.98515,1.71999,1.86307,0.0004952,0.0004952,0.0004952
154,6522.38,1.96255,1.98175,1.70595,0.64537,0.59589,0.57189,0.2817,1.98749,1.74844,1.85103,0.0004853,0.0004853,0.0004853
155,6564.82,1.89252,1.89254,1.653,0.74745,0.55752,0.602,0.30996,1.96281,1.71578,1.84753,0.0004754,0.0004754,0.0004754
156,6607.15,1.94064,1.97099,1.72819,0.71875,0.55752,0.60686,0.30674,1.98906,1.7255,1.8568,0.0004655,0.0004655,0.0004655
157,6649.47,1.91961,1.97056,1.68602,0.76013,0.55752,0.59949,0.28771,1.99109,1.77597,1.87887,0.0004556,0.0004556,0.0004556
158,6691.89,1.9096,1.8966,1.74384,0.72035,0.61549,0.62619,0.31404,1.93232,1.71557,1.84109,0.0004457,0.0004457,0.0004457
159,6734.15,1.85519,1.87049,1.61536,0.69993,0.61947,0.62861,0.31186,1.93558,1.68387,1.83995,0.0004358,0.0004358,0.0004358
160,6776.44,1.87349,1.82623,1.65575,0.73405,0.61062,0.62017,0.31286,1.94927,1.75759,1.85663,0.0004259,0.0004259,0.0004259
161,6818.72,1.83799,1.82524,1.57807,0.67111,0.59292,0.62135,0.29986,1.94597,1.70521,1.84202,0.000416,0.000416,0.000416
162,6860.96,1.94632,1.94866,1.67386,0.70267,0.63717,0.62664,0.30298,1.97413,1.7396,1.8298,0.0004061,0.0004061,0.0004061
163,6903.45,1.93001,1.92915,1.72686,0.7724,0.61062,0.63373,0.31935,1.94381,1.66901,1.81711,0.0003962,0.0003962,0.0003962
164,6946.39,1.95218,1.89815,1.72871,0.76243,0.61947,0.65104,0.32477,1.91857,1.68481,1.80842,0.0003863,0.0003863,0.0003863
165,6989.03,1.89906,1.87084,1.65908,0.73087,0.63717,0.65425,0.32421,1.89368,1.63798,1.7997,0.0003764,0.0003764,0.0003764
166,7031.49,1.9289,1.83692,1.6721,0.76668,0.61067,0.64918,0.33077,1.93093,1.64569,1.80501,0.0003665,0.0003665,0.0003665
167,7074.14,1.83024,1.85259,1.63387,0.76885,0.61815,0.63856,0.32538,1.9193,1.6506,1.79141,0.0003566,0.0003566,0.0003566
168,7116.3,1.85247,1.79629,1.66,0.74222,0.61155,0.63985,0.32572,1.91983,1.67466,1.79152,0.0003467,0.0003467,0.0003467
169,7158.68,1.90946,1.83726,1.63587,0.74,0.58407,0.63046,0.32544,1.92754,1.68053,1.78484,0.0003368,0.0003368,0.0003368
170,7200.85,1.87572,1.84426,1.6685,0.77697,0.59292,0.64534,0.33152,1.90744,1.64223,1.77422,0.0003269,0.0003269,0.0003269
171,7243.71,1.92266,1.8266,1.63074,0.77633,0.60177,0.65796,0.3358,1.9264,1.66792,1.77919,0.000317,0.000317,0.000317
172,7286.25,1.85295,1.83728,1.60542,0.75209,0.6175,0.64033,0.32745,1.9429,1.67998,1.78915,0.0003071,0.0003071,0.0003071
173,7328.88,1.88896,1.84187,1.65052,0.77996,0.62832,0.65669,0.32874,1.93612,1.64461,1.80464,0.0002972,0.0002972,0.0002972
174,7371.72,1.85211,1.75197,1.64256,0.75935,0.58642,0.63939,0.31849,1.94922,1.696,1.81744,0.0002873,0.0002873,0.0002873
175,7414.01,1.83065,1.90145,1.64677,0.7436,0.62832,0.64047,0.31109,1.92766,1.66644,1.8056,0.0002774,0.0002774,0.0002774
176,7456.54,1.8186,1.75801,1.62891,0.70208,0.6465,0.64274,0.31987,1.91999,1.68809,1.79344,0.0002675,0.0002675,0.0002675
177,7499.13,1.86046,1.83532,1.62615,0.7421,0.5857,0.63207,0.31086,1.93523,1.7186,1.79962,0.0002576,0.0002576,0.0002576
178,7541.62,1.90857,1.83432,1.6834,0.77372,0.60523,0.64651,0.33682,1.89831,1.63723,1.78914,0.0002477,0.0002477,0.0002477
179,7584.4,1.95103,1.76972,1.63368,0.76138,0.62123,0.65279,0.30782,1.9258,1.64418,1.81394,0.0002378,0.0002378,0.0002378
180,7626.69,1.76022,1.67508,1.55306,0.71827,0.64602,0.64633,0.30991,1.9104,1.67552,1.80928,0.0002279,0.0002279,0.0002279
181,7668.99,1.77614,1.81975,1.60526,0.79262,0.60883,0.66608,0.33686,1.90421,1.59446,1.79401,0.000218,0.000218,0.000218
182,7711.5,1.78049,1.69141,1.53798,0.79529,0.61885,0.66788,0.34811,1.91036,1.61919,1.79281,0.0002081,0.0002081,0.0002081
183,7754.15,1.83712,1.81006,1.66621,0.73539,0.63947,0.65119,0.33748,1.90165,1.65639,1.79443,0.0001982,0.0001982,0.0001982
184,7796.77,1.78661,1.73129,1.56557,0.74684,0.61947,0.65636,0.33822,1.90433,1.62937,1.79263,0.0001883,0.0001883,0.0001883
185,7839.06,1.77243,1.71574,1.55665,0.7,0.62832,0.65552,0.33873,1.90167,1.61486,1.79413,0.0001784,0.0001784,0.0001784
186,7881.6,1.86406,1.80512,1.65664,0.71443,0.6642,0.65672,0.33732,1.89694,1.5959,1.79108,0.0001685,0.0001685,0.0001685
187,7923.77,1.7903,1.74253,1.55974,0.71123,0.63211,0.65426,0.33863,1.90945,1.59051,1.79451,0.0001586,0.0001586,0.0001586
188,7966.19,1.87662,1.76793,1.59544,0.76412,0.63717,0.66527,0.3388,1.89763,1.61627,1.79218,0.0001487,0.0001487,0.0001487
189,8008.73,1.80902,1.70457,1.57763,0.70301,0.64941,0.65836,0.3304,1.90258,1.61013,1.79839,0.0001388,0.0001388,0.0001388
190,8051.09,1.76298,1.65624,1.55602,0.75637,0.66372,0.67411,0.34132,1.89177,1.56939,1.79717,0.0001289,0.0001289,0.0001289
191,8094.51,1.55525,1.45941,1.41663,0.73426,0.68142,0.6674,0.33908,1.89748,1.53422,1.78848,0.000119,0.000119,0.000119
192,8136.77,1.55623,1.45244,1.45426,0.70933,0.64602,0.65456,0.32687,1.90902,1.55941,1.79718,0.0001091,0.0001091,0.0001091
193,8179.44,1.51676,1.47125,1.38102,0.70764,0.63717,0.65814,0.33419,1.91135,1.54773,1.80265,9.92e-05,9.92e-05,9.92e-05
194,8221.8,1.51983,1.37964,1.37387,0.76812,0.59292,0.66138,0.3342,1.90448,1.5489,1.79867,8.93e-05,8.93e-05,8.93e-05
195,8264.42,1.47421,1.38156,1.34068,0.77503,0.62832,0.66718,0.33415,1.90167,1.56688,1.79691,7.94e-05,7.94e-05,7.94e-05
196,8306.82,1.61777,1.50255,1.44715,0.74565,0.6486,0.66953,0.3355,1.89748,1.57077,1.78752,6.95e-05,6.95e-05,6.95e-05
197,8349.24,1.49233,1.4077,1.36502,0.74715,0.66372,0.67028,0.34302,1.88941,1.56562,1.78354,5.96e-05,5.96e-05,5.96e-05
198,8391.59,1.51127,1.43727,1.40731,0.74196,0.64602,0.66698,0.33588,1.89038,1.55069,1.78652,4.97e-05,4.97e-05,4.97e-05
199,8433.96,1.47381,1.31339,1.36372,0.76856,0.64602,0.66374,0.33421,1.88064,1.54287,1.78234,3.98e-05,3.98e-05,3.98e-05
200,8476.27,1.49652,1.34512,1.36046,0.74482,0.65487,0.66429,0.33633,1.88009,1.54558,1.77985,2.99e-05,2.99e-05,2.99e-05
